Season,Name,Team,Age,G,%G,PA,PA/G,R,R/G,2B,2B/G,3B,3B/G,HR,HR/G,RBI,RBI/G,SB,SB/G,BB%,K%,AVG,SLG,OBP,OPS,RAR,WAR,WAR/G
2016,Aaron Judge,NYY,24,27,0.166666667,95,3.518518519,10,0.37037037,2,0.074074074,0,0,4,0.148148148,10,0.37037037,0,0,9.50%,44.20%,0.179,0.345,0.263,0.608,-2,-0.2,-0.007407407
2017,Aaron Judge,NYY,25,155,0.956790123,678,4.374193548,128,0.825806452,24,0.15483871,3,0.019354839,52,0.335483871,114,0.735483871,9,0.058064516,18.70%,30.70%,0.284,0.627,0.422,1.049,83.6,8.3,0.053548387
2018,Aaron Judge,NYY,26,112,0.691358025,498,4.446428571,77,0.6875,22,0.196428571,0,0,27,0.241071429,67,0.598214286,6,0.053571429,15.30%,30.50%,0.278,0.528,0.392,0.919,49.8,5.1,0.045535714
2019,Aaron Judge,NYY,27,102,0.62962963,447,4.382352941,75,0.735294118,18,0.176470588,1,0.009803922,27,0.264705882,55,0.539215686,3,0.029411765,14.30%,31.50%,0.272,0.54,0.381,0.921,46.9,4.6,0.045098039
2020,Aaron Judge,NYY,28,28,0.466666667,114,4.071428571,23,0.821428571,3,0.107142857,0,0,9,0.321428571,22,0.785714286,0,0,8.80%,28.10%,0.257,0.554,0.336,0.891,9.7,0.9,0.032142857
2016,Alex Bregman,HOU,22,49,0.302469136,217,4.428571429,31,0.632653061,13,0.265306122,3,0.06122449,8,0.163265306,34,0.693877551,2,0.040816327,6.90%,24.00%,0.264,0.478,0.313,0.791,10,1,0.020408163
2017,Alex Bregman,HOU,23,155,0.956790123,626,4.038709677,88,0.567741935,39,0.251612903,5,0.032258065,19,0.122580645,71,0.458064516,17,0.109677419,8.80%,15.50%,0.284,0.475,0.352,0.827,34.7,3.5,0.022580645
2018,Alex Bregman,HOU,24,157,0.969135802,705,4.49044586,105,0.668789809,51,0.324840764,1,0.006369427,31,0.197452229,103,0.656050955,10,0.063694268,13.60%,12.10%,0.286,0.532,0.394,0.926,73.9,7.6,0.048407643
2019,Alex Bregman,HOU,25,156,0.962962963,690,4.423076923,122,0.782051282,37,0.237179487,2,0.012820513,41,0.262820513,112,0.717948718,5,0.032051282,17.20%,12.00%,0.296,0.592,0.423,1.015,87.9,8.5,0.054487179
2020,Alex Bregman,HOU,26,42,0.7,180,4.285714286,19,0.452380952,12,0.285714286,1,0.023809524,6,0.142857143,22,0.523809524,0,0,13.30%,14.40%,0.242,0.451,0.35,0.801,9.6,0.9,0.021428571
2013,Anthony Rendon,WSN,23,98,0.604938272,394,4.020408163,40,0.408163265,23,0.234693878,1,0.010204082,7,0.071428571,35,0.357142857,1,0.010204082,7.90%,17.50%,0.265,0.396,0.329,0.725,9.6,1,0.010204082
2014,Anthony Rendon,WSN,24,153,0.944444444,683,4.464052288,111,0.725490196,39,0.254901961,6,0.039215686,21,0.137254902,83,0.54248366,17,0.111111111,8.50%,15.20%,0.287,0.473,0.351,0.824,58.3,6.4,0.041830065
2015,Anthony Rendon,WSN,25,80,0.49382716,355,4.4375,43,0.5375,16,0.2,0,0,5,0.0625,25,0.3125,1,0.0125,10.10%,19.70%,0.264,0.363,0.344,0.707,9.9,1.1,0.01375
2016,Anthony Rendon,WSN,26,156,0.962962963,647,4.147435897,91,0.583333333,38,0.243589744,2,0.012820513,20,0.128205128,85,0.544871795,12,0.076923077,10.00%,18.10%,0.27,0.45,0.348,0.797,41.8,4.3,0.027564103
2017,Anthony Rendon,WSN,27,147,0.907407407,605,4.115646259,81,0.551020408,41,0.278911565,1,0.006802721,25,0.170068027,100,0.680272109,7,0.047619048,13.90%,13.60%,0.301,0.533,0.403,0.937,67.5,6.7,0.045578231
2018,Anthony Rendon,WSN,28,136,0.839506173,597,4.389705882,88,0.647058824,44,0.323529412,2,0.014705882,24,0.176470588,92,0.676470588,2,0.014705882,9.20%,13.70%,0.308,0.535,0.374,0.909,60.7,6.2,0.045588235
2019,Anthony Rendon,WSN,29,146,0.901234568,646,4.424657534,117,0.801369863,44,0.301369863,3,0.020547945,34,0.232876712,126,0.863013699,5,0.034246575,12.40%,13.30%,0.319,0.598,0.412,1.01,71.9,7,0.047945205
2020,Anthony Rendon,LAA,30,52,0.866666667,232,4.461538462,29,0.557692308,11,0.211538462,1,0.019230769,9,0.173076923,31,0.596153846,0,0,16.40%,13.40%,0.286,0.497,0.418,0.915,27.3,2.7,0.051923077
2019,Bo Bichette,TOR,21,46,0.283950617,212,4.608695652,32,0.695652174,18,0.391304348,0,0,11,0.239130435,21,0.456521739,4,0.086956522,6.60%,23.60%,0.311,0.571,0.358,0.93,17.9,1.7,0.036956522
2020,Bo Bichette,TOR,22,29,0.483333333,128,4.413793103,18,0.620689655,9,0.310344828,1,0.034482759,5,0.172413793,23,0.793103448,4,0.137931034,3.90%,21.10%,0.301,0.512,0.328,0.84,8.6,0.8,0.027586207
2018,Brandon Lowe,TBR,23,43,0.265432099,148,3.441860465,16,0.372093023,6,0.139534884,2,0.046511628,6,0.139534884,25,0.581395349,2,0.046511628,10.80%,25.70%,0.233,0.45,0.324,0.774,8.4,0.9,0.020930233
2019,Brandon Lowe,TBR,24,82,0.50617284,327,3.987804878,42,0.512195122,17,0.207317073,2,0.024390244,17,0.207317073,51,0.62195122,5,0.06097561,7.60%,34.60%,0.27,0.514,0.336,0.85,26.9,2.6,0.031707317
2020,Brandon Lowe,TBR,25,56,0.933333333,224,4,36,0.642857143,9,0.160714286,2,0.035714286,14,0.25,37,0.660714286,3,0.053571429,11.20%,25.90%,0.269,0.554,0.362,0.916,24.2,2.4,0.042857143
2012,Bryce Harper,WSN,19,139,0.858024691,597,4.294964029,98,0.705035971,26,0.18705036,9,0.064748201,22,0.158273381,59,0.424460432,18,0.129496403,9.40%,20.10%,0.27,0.477,0.34,0.817,41.6,4.4,0.031654676
2013,Bryce Harper,WSN,20,118,0.728395062,497,4.211864407,71,0.601694915,24,0.203389831,3,0.025423729,20,0.169491525,58,0.491525424,11,0.093220339,12.30%,18.90%,0.274,0.486,0.368,0.854,37.7,4.1,0.034745763
2014,Bryce Harper,WSN,21,100,0.617283951,395,3.95,41,0.41,10,0.1,2,0.02,13,0.13,32,0.32,2,0.02,9.60%,26.30%,0.273,0.423,0.344,0.768,14.7,1.6,0.016
2015,Bryce Harper,WSN,22,153,0.944444444,654,4.274509804,118,0.77124183,38,0.248366013,1,0.006535948,42,0.274509804,99,0.647058824,6,0.039215686,19.00%,20.00%,0.33,0.649,0.46,1.109,87.8,9.3,0.060784314
2016,Bryce Harper,WSN,23,147,0.907407407,627,4.265306122,84,0.571428571,24,0.163265306,2,0.013605442,24,0.163265306,86,0.585034014,21,0.142857143,17.20%,18.70%,0.243,0.441,0.373,0.814,28.4,2.9,0.019727891
2017,Bryce Harper,WSN,24,111,0.685185185,492,4.432432432,95,0.855855856,27,0.243243243,1,0.009009009,29,0.261261261,87,0.783783784,4,0.036036036,13.80%,20.10%,0.319,0.595,0.413,1.008,48.2,4.8,0.043243243
2018,Bryce Harper,WSN,25,159,0.981481481,695,4.371069182,103,0.647798742,34,0.213836478,0,0,34,0.213836478,100,0.628930818,13,0.081761006,18.70%,24.30%,0.249,0.496,0.393,0.889,33.7,3.5,0.022012579
2019,Bryce Harper,PHI,26,157,0.969135802,682,4.343949045,98,0.624203822,36,0.229299363,1,0.006369427,35,0.222929936,114,0.72611465,15,0.095541401,14.50%,26.10%,0.26,0.51,0.372,0.882,47.3,4.6,0.029299363
2020,Bryce Harper,PHI,27,58,0.966666667,244,4.206896552,41,0.706896552,9,0.155172414,2,0.034482759,13,0.224137931,33,0.568965517,8,0.137931034,20.10%,17.60%,0.268,0.542,0.42,0.962,16.8,1.6,0.027586207
2011,Charlie Blackmon,COL,24,27,0.166666667,102,3.777777778,9,0.333333333,1,0.037037037,0,0,1,0.037037037,8,0.296296296,5,0.185185185,2.90%,7.80%,0.255,0.296,0.277,0.573,-6.9,-0.7,-0.025925926
2012,Charlie Blackmon,COL,25,42,0.259259259,121,2.880952381,15,0.357142857,8,0.19047619,0,0,2,0.047619048,9,0.214285714,1,0.023809524,3.30%,14.00%,0.283,0.407,0.325,0.732,5.4,0.6,0.014285714
2013,Charlie Blackmon,COL,26,82,0.50617284,258,3.146341463,35,0.426829268,17,0.207317073,2,0.024390244,6,0.073170732,22,0.268292683,7,0.085365854,2.70%,19.00%,0.309,0.467,0.336,0.803,11.5,1.2,0.014634146
2014,Charlie Blackmon,COL,27,154,0.950617284,648,4.207792208,82,0.532467532,27,0.175324675,3,0.019480519,19,0.123376623,72,0.467532468,28,0.181818182,4.80%,14.80%,0.288,0.44,0.335,0.775,12,1.3,0.008441558
2015,Charlie Blackmon,COL,28,157,0.969135802,682,4.343949045,93,0.592356688,31,0.197452229,9,0.057324841,17,0.108280255,58,0.369426752,43,0.27388535,6.70%,16.40%,0.287,0.45,0.347,0.797,23.2,2.5,0.015923567
2016,Charlie Blackmon,COL,29,143,0.882716049,641,4.482517483,111,0.776223776,35,0.244755245,5,0.034965035,29,0.202797203,82,0.573426573,17,0.118881119,6.70%,15.90%,0.324,0.552,0.381,0.933,45.9,4.7,0.032867133
2017,Charlie Blackmon,COL,30,159,0.981481481,725,4.559748428,137,0.86163522,35,0.220125786,14,0.088050314,37,0.232704403,104,0.65408805,14,0.088050314,9.00%,18.60%,0.331,0.601,0.399,1,66.5,6.6,0.041509434
2018,Charlie Blackmon,COL,31,156,0.962962963,696,4.461538462,119,0.762820513,31,0.198717949,7,0.044871795,29,0.185897436,70,0.448717949,12,0.076923077,8.50%,19.30%,0.291,0.502,0.358,0.86,28,2.9,0.018589744
2019,Charlie Blackmon,COL,32,140,0.864197531,634,4.528571429,112,0.8,42,0.3,7,0.05,32,0.228571429,86,0.614285714,2,0.014285714,6.30%,16.40%,0.314,0.576,0.364,0.94,20.7,2,0.014285714
2020,Charlie Blackmon,COL,33,59,0.983333333,247,4.186440678,31,0.525423729,12,0.203389831,1,0.016949153,6,0.101694915,42,0.711864407,2,0.033898305,7.70%,17.80%,0.303,0.448,0.356,0.804,8.1,0.8,0.013559322
2013,Christian Yelich,MIA,21,62,0.382716049,273,4.403225806,34,0.548387097,12,0.193548387,1,0.016129032,4,0.064516129,16,0.258064516,10,0.161290323,11.40%,24.20%,0.288,0.396,0.37,0.766,16.6,1.8,0.029032258
2014,Christian Yelich,MIA,22,144,0.888888889,660,4.583333333,94,0.652777778,30,0.208333333,6,0.041666667,9,0.0625,54,0.375,21,0.145833333,10.60%,20.80%,0.284,0.402,0.362,0.764,37.1,4.1,0.028472222
2015,Christian Yelich,MIA,23,126,0.777777778,525,4.166666667,63,0.5,30,0.238095238,2,0.015873016,7,0.055555556,44,0.349206349,16,0.126984127,9.00%,19.20%,0.3,0.416,0.366,0.782,22.2,2.4,0.019047619
2016,Christian Yelich,MIA,24,155,0.956790123,659,4.251612903,78,0.503225806,38,0.24516129,3,0.019354839,21,0.135483871,98,0.632258065,9,0.058064516,10.90%,20.90%,0.298,0.483,0.376,0.859,52.7,5.4,0.03483871
2017,Christian Yelich,MIA,25,156,0.962962963,695,4.455128205,100,0.641025641,36,0.230769231,2,0.012820513,18,0.115384615,81,0.519230769,16,0.102564103,11.50%,19.70%,0.282,0.439,0.369,0.807,46.2,4.6,0.029487179
2018,Christian Yelich,MIL,26,147,0.907407407,651,4.428571429,118,0.802721088,34,0.231292517,7,0.047619048,36,0.244897959,110,0.74829932,22,0.149659864,10.40%,20.70%,0.326,0.598,0.402,1,74.5,7.7,0.052380952
2019,Christian Yelich,MIL,27,130,0.802469136,580,4.461538462,100,0.769230769,29,0.223076923,3,0.023076923,44,0.338461538,97,0.746153846,30,0.230769231,13.80%,20.30%,0.329,0.671,0.429,1.1,80.6,7.8,0.06
2020,Christian Yelich,MIL,28,58,0.966666667,247,4.25862069,39,0.672413793,7,0.120689655,1,0.017241379,12,0.206896552,22,0.379310345,4,0.068965517,18.60%,30.80%,0.205,0.43,0.356,0.786,7.7,0.7,0.012068966
2017,Cody Bellinger,LAD,21,132,0.814814815,548,4.151515152,87,0.659090909,26,0.196969697,4,0.03030303,39,0.295454545,97,0.734848485,10,0.075757576,11.70%,26.60%,0.267,0.581,0.352,0.933,40.4,4,0.03030303
2018,Cody Bellinger,LAD,22,162,1,632,3.901234568,84,0.518518519,28,0.172839506,7,0.043209877,25,0.154320988,76,0.469135802,14,0.086419753,10.90%,23.90%,0.26,0.47,0.343,0.814,35.3,3.6,0.022222222
2019,Cody Bellinger,LAD,23,156,0.962962963,660,4.230769231,121,0.775641026,34,0.217948718,3,0.019230769,47,0.301282051,115,0.737179487,15,0.096153846,14.40%,16.40%,0.305,0.629,0.406,1.035,80,7.8,0.05
2020,Cody Bellinger,LAD,24,56,0.933333333,243,4.339285714,33,0.589285714,10,0.178571429,0,0,12,0.214285714,30,0.535714286,6,0.107142857,12.30%,17.30%,0.239,0.455,0.333,0.789,12.6,1.2,0.021428571
2015,Corey Seager,LAD,21,27,0.166666667,113,4.185185185,17,0.62962963,8,0.296296296,1,0.037037037,4,0.148148148,17,0.62962963,2,0.074074074,12.40%,16.80%,0.337,0.561,0.425,0.986,14.4,1.5,0.055555556
2016,Corey Seager,LAD,22,157,0.969135802,687,4.375796178,105,0.668789809,40,0.25477707,5,0.031847134,26,0.165605096,72,0.458598726,3,0.01910828,7.90%,19.40%,0.308,0.512,0.365,0.877,67.7,6.9,0.043949045
2017,Corey Seager,LAD,23,145,0.895061728,613,4.227586207,85,0.586206897,33,0.227586207,0,0,22,0.151724138,77,0.531034483,4,0.027586207,10.90%,21.40%,0.295,0.479,0.375,0.854,59.9,6,0.04137931
2018,Corey Seager,LAD,24,26,0.160493827,115,4.423076923,13,0.5,5,0.192307692,1,0.038461538,2,0.076923077,13,0.5,0,0,9.60%,14.80%,0.267,0.396,0.348,0.744,4.5,0.5,0.019230769
2019,Corey Seager,LAD,25,134,0.827160494,541,4.037313433,82,0.611940299,44,0.328358209,1,0.007462687,19,0.141791045,87,0.649253731,1,0.007462687,8.10%,18.10%,0.272,0.483,0.335,0.817,34.3,3.3,0.024626866
2020,Corey Seager,LAD,26,52,0.866666667,232,4.461538462,38,0.730769231,12,0.230769231,1,0.019230769,15,0.288461538,41,0.788461538,1,0.019230769,7.30%,15.90%,0.307,0.585,0.358,0.943,19.1,1.9,0.036538462
2011,DJ LeMahieu,CHC,22,37,0.228395062,62,1.675675676,3,0.081081081,2,0.054054054,0,0,0,0,4,0.108108108,0,0,1.60%,19.40%,0.25,0.283,0.262,0.546,-1.3,-0.1,-0.002702703
2012,DJ LeMahieu,COL,23,81,0.5,247,3.049382716,26,0.320987654,12,0.148148148,4,0.049382716,2,0.024691358,22,0.271604938,1,0.012345679,5.30%,17.00%,0.297,0.41,0.332,0.742,3.5,0.4,0.004938272
2013,DJ LeMahieu,COL,24,109,0.672839506,434,3.981651376,39,0.357798165,21,0.19266055,3,0.027522936,2,0.018348624,28,0.256880734,18,0.165137615,4.40%,15.40%,0.28,0.361,0.311,0.673,2.4,0.3,0.002752294
2014,DJ LeMahieu,COL,25,149,0.919753086,538,3.610738255,59,0.395973154,15,0.100671141,5,0.033557047,5,0.033557047,42,0.281879195,10,0.067114094,6.10%,18.00%,0.267,0.348,0.315,0.663,2.7,0.3,0.002013423
2015,DJ LeMahieu,COL,26,150,0.925925926,620,4.133333333,85,0.566666667,21,0.14,5,0.033333333,6,0.04,61,0.406666667,23,0.153333333,8.10%,17.30%,0.301,0.388,0.358,0.746,18,1.9,0.012666667
2016,DJ LeMahieu,COL,27,146,0.901234568,635,4.349315068,104,0.712328767,32,0.219178082,8,0.054794521,11,0.075342466,66,0.452054795,11,0.075342466,10.40%,12.60%,0.348,0.495,0.416,0.911,42.9,4.4,0.030136986
2017,DJ LeMahieu,COL,28,155,0.956790123,682,4.4,95,0.612903226,28,0.180645161,4,0.025806452,8,0.051612903,64,0.412903226,6,0.038709677,8.70%,13.20%,0.31,0.409,0.374,0.783,19.8,2,0.012903226
2018,DJ LeMahieu,COL,29,128,0.790123457,581,4.5390625,90,0.703125,32,0.25,2,0.015625,15,0.1171875,62,0.484375,6,0.046875,6.40%,14.10%,0.276,0.428,0.321,0.749,20.5,2.1,0.01640625
2019,DJ LeMahieu,NYY,30,145,0.895061728,655,4.517241379,109,0.751724138,33,0.227586207,2,0.013793103,26,0.179310345,102,0.703448276,5,0.034482759,7.00%,13.70%,0.327,0.518,0.375,0.893,54.8,5.3,0.036551724
2020,DJ LeMahieu,NYY,31,50,0.833333333,216,4.32,41,0.82,10,0.2,2,0.04,10,0.2,27,0.54,3,0.06,8.30%,9.70%,0.364,0.59,0.421,1.011,25.5,2.5,0.05
2015,Eddie Rosario,MIN,23,122,0.75308642,474,3.885245902,60,0.491803279,18,0.147540984,15,0.12295082,13,0.106557377,50,0.409836066,11,0.090163934,3.20%,24.90%,0.267,0.459,0.289,0.748,23,2.4,0.019672131
2016,Eddie Rosario,MIN,24,92,0.567901235,354,3.847826087,52,0.565217391,17,0.184782609,2,0.02173913,10,0.108695652,32,0.347826087,5,0.054347826,3.40%,25.70%,0.269,0.421,0.295,0.716,8.2,0.8,0.008695652
2017,Eddie Rosario,MIN,25,151,0.932098765,589,3.900662252,79,0.523178808,33,0.218543046,2,0.013245033,27,0.178807947,78,0.516556291,9,0.059602649,5.90%,18.00%,0.29,0.507,0.328,0.836,25.9,2.6,0.017218543
2018,Eddie Rosario,MIN,26,138,0.851851852,592,4.289855072,87,0.630434783,31,0.224637681,2,0.014492754,24,0.173913043,77,0.557971014,8,0.057971014,5.10%,17.60%,0.288,0.479,0.323,0.803,33.5,3.4,0.024637681
2019,Eddie Rosario,MIN,27,137,0.845679012,590,4.306569343,91,0.664233577,28,0.204379562,1,0.00729927,32,0.233576642,109,0.795620438,3,0.02189781,3.70%,14.60%,0.276,0.5,0.3,0.8,11.9,1.2,0.008759124
2020,Eddie Rosario,MIN,28,57,0.95,231,4.052631579,31,0.543859649,7,0.122807018,0,0,13,0.228070175,42,0.736842105,3,0.052631579,8.20%,14.70%,0.257,0.476,0.316,0.792,9.7,0.9,0.015789474
2014,Eugenio Suarez,DET,22,85,0.524691358,277,3.258823529,33,0.388235294,9,0.105882353,1,0.011764706,4,0.047058824,23,0.270588235,3,0.035294118,7.90%,24.20%,0.242,0.336,0.316,0.652,8,0.9,0.010588235
2015,Eugenio Suarez,CIN,23,97,0.598765432,398,4.103092784,42,0.432989691,19,0.195876289,2,0.020618557,13,0.134020619,48,0.494845361,4,0.041237113,4.30%,23.60%,0.28,0.446,0.315,0.761,8.2,0.9,0.009278351
2016,Eugenio Suarez,CIN,24,159,0.981481481,627,3.943396226,78,0.490566038,25,0.157232704,2,0.012578616,21,0.132075472,70,0.440251572,11,0.06918239,8.10%,24.70%,0.248,0.411,0.317,0.728,13.2,1.4,0.008805031
2017,Eugenio Suarez,CIN,25,156,0.962962963,632,4.051282051,87,0.557692308,25,0.16025641,2,0.012820513,26,0.166666667,82,0.525641026,4,0.025641026,13.30%,23.30%,0.26,0.461,0.367,0.828,39.3,3.9,0.025
2018,Eugenio Suarez,CIN,26,143,0.882716049,606,4.237762238,79,0.552447552,22,0.153846154,2,0.013986014,34,0.237762238,104,0.727272727,1,0.006993007,10.60%,23.40%,0.283,0.526,0.366,0.892,37.7,3.9,0.027272727
2019,Eugenio Suarez,CIN,27,159,0.981481481,662,4.163522013,87,0.547169811,22,0.13836478,2,0.012578616,49,0.308176101,103,0.647798742,3,0.018867925,10.60%,28.50%,0.271,0.572,0.358,0.93,45.9,4.5,0.028301887
2020,Eugenio Suarez,CIN,28,57,0.95,231,4.052631579,29,0.50877193,8,0.140350877,0,0,15,0.263157895,38,0.666666667,2,0.035087719,13.00%,29.00%,0.202,0.47,0.312,0.781,11.5,1.1,0.019298246
2019,Fernando Tatis Jr.,SDP,20,84,0.518518519,372,4.428571429,61,0.726190476,13,0.154761905,6,0.071428571,22,0.261904762,53,0.630952381,16,0.19047619,8.10%,29.60%,0.317,0.59,0.379,0.969,37.4,3.6,0.042857143
2020,Fernando Tatis Jr.,SDP,21,59,0.983333333,257,4.355932203,50,0.847457627,11,0.186440678,2,0.033898305,17,0.288135593,45,0.762711864,11,0.186440678,10.50%,23.70%,0.277,0.571,0.366,0.937,29.7,2.9,0.049152542
2015,Francisco Lindor,CLE,21,99,0.611111111,438,4.424242424,50,0.505050505,22,0.222222222,4,0.04040404,12,0.121212121,51,0.515151515,12,0.121212121,6.20%,15.80%,0.313,0.482,0.353,0.835,37.3,4,0.04040404
2016,Francisco Lindor,CLE,22,158,0.975308642,684,4.329113924,99,0.626582278,30,0.189873418,3,0.018987342,15,0.094936709,78,0.493670886,19,0.120253165,8.30%,12.90%,0.301,0.435,0.358,0.794,53.8,5.5,0.034810127
2017,Francisco Lindor,CLE,23,159,0.981481481,723,4.547169811,99,0.622641509,44,0.27672956,4,0.025157233,33,0.20754717,89,0.559748428,15,0.094339623,8.30%,12.90%,0.273,0.505,0.337,0.842,57.6,5.7,0.035849057
2018,Francisco Lindor,CLE,24,158,0.975308642,745,4.715189873,129,0.816455696,42,0.265822785,2,0.012658228,38,0.240506329,92,0.582278481,25,0.158227848,9.40%,14.40%,0.277,0.519,0.352,0.871,75,7.7,0.048734177
2019,Francisco Lindor,CLE,25,143,0.882716049,654,4.573426573,101,0.706293706,40,0.27972028,2,0.013986014,32,0.223776224,74,0.517482517,22,0.153846154,7.00%,15.00%,0.284,0.518,0.335,0.854,46.1,4.5,0.031468531
2020,Francisco Lindor,CLE,26,60,1,266,4.433333333,30,0.5,13,0.216666667,0,0,8,0.133333333,27,0.45,6,0.1,9.00%,15.40%,0.258,0.415,0.335,0.75,18.2,1.8,0.03
2010,Freddie Freeman,ATL,20,20,0.12345679,24,1.2,3,0.15,1,0.05,0,0,1,0.05,1,0.05,0,0,0.00%,33.30%,0.167,0.333,0.167,0.5,-1.6,-0.2,-0.01
2011,Freddie Freeman,ATL,21,157,0.969135802,635,4.044585987,67,0.426751592,32,0.203821656,0,0,21,0.133757962,76,0.484076433,4,0.025477707,8.30%,22.40%,0.282,0.448,0.346,0.795,5.7,0.6,0.003821656
2012,Freddie Freeman,ATL,22,147,0.907407407,620,4.217687075,91,0.619047619,33,0.224489796,2,0.013605442,23,0.156462585,94,0.639455782,2,0.013605442,10.30%,20.80%,0.259,0.456,0.34,0.796,16.2,1.7,0.011564626
2013,Freddie Freeman,ATL,23,147,0.907407407,629,4.278911565,89,0.605442177,27,0.183673469,2,0.013605442,23,0.156462585,109,0.741496599,1,0.006802721,10.50%,19.20%,0.319,0.501,0.396,0.897,46.2,5,0.034013605
2014,Freddie Freeman,ATL,24,162,1,708,4.37037037,93,0.574074074,43,0.265432099,4,0.024691358,18,0.111111111,78,0.481481481,3,0.018518519,12.70%,20.50%,0.288,0.461,0.386,0.847,40.6,4.4,0.027160494
2015,Freddie Freeman,ATL,25,118,0.728395062,481,4.076271186,62,0.525423729,27,0.228813559,0,0,18,0.152542373,66,0.559322034,3,0.025423729,11.60%,20.40%,0.276,0.471,0.37,0.841,31.1,3.3,0.027966102
2016,Freddie Freeman,ATL,26,158,0.975308642,693,4.386075949,102,0.64556962,43,0.272151899,6,0.037974684,34,0.215189873,91,0.575949367,6,0.037974684,12.80%,24.70%,0.302,0.569,0.4,0.968,59.8,6.1,0.038607595
2017,Freddie Freeman,ATL,27,117,0.722222222,514,4.393162393,84,0.717948718,35,0.299145299,2,0.017094017,28,0.239316239,71,0.606837607,8,0.068376068,12.60%,18.50%,0.307,0.586,0.403,0.989,43.9,4.4,0.037606838
2018,Freddie Freeman,ATL,28,162,1,707,4.364197531,94,0.580246914,44,0.271604938,4,0.024691358,23,0.141975309,98,0.604938272,10,0.061728395,10.70%,18.70%,0.309,0.505,0.388,0.892,50.8,5.2,0.032098765
2019,Freddie Freeman,ATL,29,158,0.975308642,692,4.379746835,113,0.715189873,34,0.215189873,2,0.012658228,38,0.240506329,121,0.765822785,6,0.037974684,12.60%,18.40%,0.295,0.549,0.389,0.938,40.8,4,0.025316456
2020,Freddie Freeman,ATL,30,60,1,262,4.366666667,51,0.85,23,0.383333333,1,0.016666667,13,0.216666667,53,0.883333333,2,0.033333333,17.20%,14.10%,0.341,0.64,0.462,1.102,34.4,3.3,0.055
2014,George Springer,HOU,24,78,0.481481481,345,4.423076923,45,0.576923077,8,0.102564103,1,0.012820513,20,0.256410256,51,0.653846154,5,0.064102564,11.30%,33.00%,0.231,0.468,0.336,0.804,16.9,1.9,0.024358974
2015,George Springer,HOU,25,102,0.62962963,451,4.421568627,59,0.578431373,19,0.18627451,2,0.019607843,16,0.156862745,41,0.401960784,16,0.156862745,11.10%,24.20%,0.276,0.459,0.367,0.826,36.5,3.9,0.038235294
2016,George Springer,HOU,26,162,1,744,4.592592593,116,0.716049383,29,0.179012346,5,0.030864198,29,0.179012346,82,0.50617284,9,0.055555556,11.80%,23.90%,0.261,0.457,0.359,0.815,48.8,5,0.030864198
2017,George Springer,HOU,27,140,0.864197531,629,4.492857143,112,0.8,29,0.207142857,0,0,34,0.242857143,85,0.607142857,5,0.035714286,10.20%,17.60%,0.283,0.522,0.367,0.889,45.6,4.5,0.032142857
2018,George Springer,HOU,28,140,0.864197531,620,4.428571429,102,0.728571429,26,0.185714286,0,0,22,0.157142857,71,0.507142857,6,0.042857143,10.30%,19.70%,0.265,0.434,0.346,0.78,28.6,2.9,0.020714286
2019,George Springer,HOU,29,122,0.75308642,556,4.557377049,96,0.786885246,20,0.163934426,3,0.024590164,39,0.319672131,96,0.786885246,6,0.049180328,12.10%,20.30%,0.292,0.591,0.383,0.974,67.3,6.5,0.053278689
2020,George Springer,HOU,30,51,0.85,222,4.352941176,37,0.725490196,6,0.117647059,2,0.039215686,14,0.274509804,32,0.62745098,1,0.019607843,10.80%,17.10%,0.265,0.54,0.359,0.899,19.6,1.9,0.037254902
2018,Gleyber Torres,NYY,21,123,0.759259259,484,3.93495935,54,0.43902439,16,0.130081301,1,0.008130081,24,0.195121951,77,0.62601626,6,0.048780488,8.70%,25.20%,0.271,0.48,0.34,0.82,19.3,2,0.016260163
2019,Gleyber Torres,NYY,22,144,0.888888889,604,4.194444444,96,0.666666667,26,0.180555556,0,0,38,0.263888889,90,0.625,5,0.034722222,7.90%,21.40%,0.278,0.535,0.337,0.871,37.2,3.6,0.025
2020,Gleyber Torres,NYY,23,42,0.7,160,3.80952381,17,0.404761905,8,0.19047619,0,0,3,0.071428571,16,0.380952381,1,0.023809524,13.80%,17.50%,0.243,0.368,0.356,0.724,1.7,0.2,0.004761905
2014,J.T. Realmuto,MIA,23,11,0.067901235,30,2.727272727,4,0.363636364,1,0.090909091,1,0.090909091,0,0,9,0.818181818,0,0,3.30%,26.70%,0.241,0.345,0.267,0.611,-0.7,-0.1,-0.009090909
2015,J.T. Realmuto,MIA,24,126,0.777777778,467,3.706349206,49,0.388888889,21,0.166666667,7,0.055555556,10,0.079365079,47,0.373015873,8,0.063492063,4.10%,15.00%,0.259,0.406,0.29,0.696,1.7,0.2,0.001587302
2016,J.T. Realmuto,MIA,25,137,0.845679012,545,3.97810219,60,0.437956204,31,0.226277372,0,0,11,0.080291971,48,0.350364964,12,0.087591241,5.10%,18.30%,0.303,0.428,0.343,0.771,20.7,2.1,0.015328467
2017,J.T. Realmuto,MIA,26,141,0.87037037,579,4.106382979,68,0.482269504,31,0.219858156,5,0.035460993,17,0.120567376,65,0.460992908,8,0.056737589,6.20%,18.30%,0.278,0.451,0.332,0.783,44.5,4.4,0.031205674
2018,J.T. Realmuto,MIA,27,125,0.771604938,531,4.248,74,0.592,30,0.24,3,0.024,21,0.168,74,0.592,3,0.024,7.20%,19.60%,0.277,0.484,0.34,0.825,47.7,4.9,0.0392
2019,J.T. Realmuto,PHI,28,145,0.895061728,593,4.089655172,92,0.634482759,36,0.248275862,3,0.020689655,25,0.172413793,83,0.572413793,9,0.062068966,6.90%,20.70%,0.275,0.493,0.328,0.82,59,5.7,0.039310345
2020,J.T. Realmuto,PHI,29,47,0.783333333,195,4.14893617,33,0.70212766,6,0.127659574,0,0,11,0.234042553,32,0.680851064,4,0.085106383,8.20%,24.60%,0.266,0.491,0.349,0.84,17.8,1.7,0.036170213
2014,Javier Baez,CHC,21,52,0.320987654,229,4.403846154,25,0.480769231,6,0.115384615,0,0,9,0.173076923,20,0.384615385,5,0.096153846,6.60%,41.50%,0.169,0.324,0.227,0.551,-6.9,-0.8,-0.015384615
2015,Javier Baez,CHC,22,28,0.172839506,80,2.857142857,4,0.142857143,6,0.214285714,0,0,1,0.035714286,4,0.142857143,1,0.035714286,5.00%,30.00%,0.289,0.408,0.325,0.733,4,0.4,0.014285714
2016,Javier Baez,CHC,23,142,0.87654321,450,3.169014085,50,0.352112676,19,0.133802817,1,0.007042254,14,0.098591549,59,0.415492958,12,0.084507042,3.30%,24.00%,0.273,0.423,0.314,0.737,21.1,2.2,0.015492958
2017,Javier Baez,CHC,24,145,0.895061728,508,3.503448276,75,0.517241379,24,0.165517241,2,0.013793103,23,0.15862069,75,0.517241379,10,0.068965517,5.90%,28.30%,0.273,0.48,0.317,0.796,23.9,2.4,0.016551724
2018,Javier Baez,CHC,25,160,0.987654321,645,4.03125,101,0.63125,40,0.25,9,0.05625,34,0.2125,111,0.69375,21,0.13125,4.50%,25.90%,0.29,0.554,0.326,0.881,52.4,5.4,0.03375
2019,Javier Baez,CHC,26,138,0.851851852,561,4.065217391,89,0.644927536,38,0.275362319,4,0.028985507,29,0.210144928,85,0.615942029,11,0.079710145,5.00%,27.80%,0.281,0.531,0.316,0.847,45.6,4.4,0.031884058
2020,Javier Baez,CHC,27,59,0.983333333,235,3.983050847,27,0.457627119,9,0.152542373,1,0.016949153,8,0.13559322,24,0.406779661,3,0.050847458,3.00%,31.90%,0.203,0.36,0.238,0.599,-0.1,0,0
2014,Jose Abreu,CHW,27,145,0.895061728,622,4.289655172,80,0.551724138,35,0.24137931,2,0.013793103,36,0.248275862,107,0.737931034,3,0.020689655,8.20%,21.10%,0.317,0.581,0.383,0.964,48.1,5.3,0.036551724
2015,Jose Abreu,CHW,28,154,0.950617284,668,4.337662338,88,0.571428571,34,0.220779221,3,0.019480519,30,0.194805195,101,0.655844156,0,0,5.80%,21.00%,0.29,0.502,0.347,0.85,31.3,3.3,0.021428571
2016,Jose Abreu,CHW,29,159,0.981481481,695,4.371069182,67,0.421383648,32,0.201257862,1,0.006289308,25,0.157232704,100,0.628930818,0,0,6.80%,18.00%,0.293,0.468,0.353,0.82,19.4,2,0.012578616
2017,Jose Abreu,CHW,30,156,0.962962963,675,4.326923077,95,0.608974359,43,0.275641026,6,0.038461538,33,0.211538462,102,0.653846154,3,0.019230769,5.20%,17.60%,0.304,0.552,0.354,0.906,42.9,4.3,0.027564103
2018,Jose Abreu,CHW,31,128,0.790123457,553,4.3203125,68,0.53125,36,0.28125,1,0.0078125,22,0.171875,78,0.609375,2,0.015625,6.70%,19.70%,0.265,0.473,0.325,0.798,11.4,1.2,0.009375
2019,Jose Abreu,CHW,32,159,0.981481481,693,4.358490566,85,0.534591195,38,0.238993711,1,0.006289308,33,0.20754717,123,0.773584906,2,0.012578616,5.20%,21.90%,0.284,0.503,0.33,0.834,18.5,1.8,0.011320755
2020,Jose Abreu,CHW,33,60,1,262,4.366666667,43,0.716666667,15,0.25,0,0,19,0.316666667,60,1,0,0,6.90%,22.50%,0.317,0.617,0.37,0.987,26.6,2.6,0.043333333
2013,Jose Ramirez,CLE,20,15,0.092592593,14,0.933333333,5,0.333333333,0,0,1,0.066666667,0,0,0,0,0,0,14.30%,14.30%,0.333,0.5,0.429,0.929,1.9,0.2,0.013333333
2014,Jose Ramirez,CLE,21,68,0.419753086,266,3.911764706,27,0.397058824,10,0.147058824,2,0.029411765,2,0.029411765,17,0.25,10,0.147058824,4.90%,13.20%,0.262,0.346,0.3,0.646,9.3,1,0.014705882
2015,Jose Ramirez,CLE,22,97,0.598765432,355,3.659793814,50,0.515463918,14,0.144329897,3,0.030927835,6,0.06185567,27,0.278350515,10,0.103092784,9.00%,11.00%,0.219,0.34,0.291,0.631,4.6,0.5,0.005154639
2016,Jose Ramirez,CLE,23,152,0.938271605,618,4.065789474,84,0.552631579,46,0.302631579,3,0.019736842,11,0.072368421,76,0.5,22,0.144736842,7.10%,10.00%,0.312,0.462,0.363,0.825,45.8,4.7,0.030921053
2017,Jose Ramirez,CLE,24,152,0.938271605,645,4.243421053,107,0.703947368,56,0.368421053,6,0.039473684,29,0.190789474,83,0.546052632,17,0.111842105,8.10%,10.70%,0.318,0.583,0.374,0.957,65.6,6.5,0.042763158
2018,Jose Ramirez,CLE,25,157,0.969135802,698,4.445859873,110,0.700636943,38,0.242038217,4,0.025477707,39,0.248407643,105,0.668789809,34,0.21656051,15.20%,11.50%,0.27,0.552,0.387,0.939,79.1,8.1,0.051592357
2019,Jose Ramirez,CLE,26,129,0.796296296,542,4.201550388,68,0.527131783,33,0.255813953,3,0.023255814,23,0.178294574,83,0.643410853,24,0.186046512,9.60%,13.70%,0.255,0.479,0.327,0.806,35.3,3.4,0.026356589
2020,Jose Ramirez,CLE,27,58,0.966666667,254,4.379310345,45,0.775862069,16,0.275862069,1,0.017241379,17,0.293103448,46,0.793103448,10,0.172413793,12.20%,16.90%,0.292,0.607,0.386,0.993,34.9,3.4,0.05862069
2018,Juan Soto,WSN,19,116,0.716049383,494,4.25862069,77,0.663793103,25,0.215517241,1,0.00862069,22,0.189655172,70,0.603448276,5,0.043103448,16.00%,20.00%,0.292,0.517,0.406,0.923,35.8,3.7,0.031896552
2019,Juan Soto,WSN,20,150,0.925925926,659,4.393333333,110,0.733333333,32,0.213333333,5,0.033333333,34,0.226666667,110,0.733333333,12,0.08,16.40%,20.00%,0.282,0.548,0.401,0.949,50,4.9,0.032666667
2020,Juan Soto,WSN,21,47,0.783333333,196,4.170212766,39,0.829787234,14,0.29787234,0,0,13,0.276595745,37,0.787234043,6,0.127659574,20.90%,14.30%,0.351,0.695,0.49,1.185,25.1,2.4,0.05106383
2015,Ketel Marte,SEA,21,57,0.351851852,247,4.333333333,25,0.438596491,14,0.245614035,3,0.052631579,2,0.035087719,17,0.298245614,8,0.140350877,9.70%,17.40%,0.283,0.402,0.351,0.753,16.8,1.8,0.031578947
2016,Ketel Marte,SEA,22,119,0.734567901,466,3.915966387,55,0.462184874,21,0.176470588,2,0.016806723,1,0.008403361,33,0.277310924,11,0.092436975,3.90%,18.00%,0.259,0.323,0.287,0.61,-3.7,-0.4,-0.003361345
2017,Ketel Marte,ARI,23,73,0.450617284,255,3.493150685,30,0.410958904,11,0.150684932,2,0.02739726,5,0.068493151,18,0.246575342,3,0.04109589,11.40%,14.50%,0.26,0.395,0.345,0.74,7.5,0.7,0.009589041
2018,Ketel Marte,ARI,24,153,0.944444444,580,3.790849673,68,0.444444444,26,0.169934641,12,0.078431373,14,0.091503268,59,0.385620915,6,0.039215686,9.30%,13.60%,0.26,0.437,0.332,0.768,24.4,2.5,0.016339869
2019,Ketel Marte,ARI,25,144,0.888888889,628,4.361111111,97,0.673611111,36,0.25,9,0.0625,32,0.222222222,92,0.638888889,10,0.069444444,8.40%,13.70%,0.329,0.592,0.389,0.981,72.5,7,0.048611111
2020,Ketel Marte,ARI,26,45,0.75,195,4.333333333,19,0.422222222,14,0.311111111,1,0.022222222,2,0.044444444,17,0.377777778,1,0.022222222,3.60%,10.80%,0.287,0.409,0.323,0.732,3.8,0.4,0.008888889
2018,Kyle Tucker,HOU,21,28,0.172839506,72,2.571428571,10,0.357142857,2,0.071428571,1,0.035714286,0,0,4,0.142857143,1,0.035714286,8.30%,18.10%,0.141,0.203,0.236,0.439,-6.4,-0.7,-0.025
2019,Kyle Tucker,HOU,22,22,0.135802469,72,3.272727273,15,0.681818182,6,0.272727273,0,0,4,0.181818182,11,0.5,5,0.227272727,5.60%,27.80%,0.269,0.537,0.319,0.857,5.1,0.5,0.022727273
2020,Kyle Tucker,HOU,23,58,0.966666667,228,3.931034483,33,0.568965517,12,0.206896552,6,0.103448276,9,0.155172414,42,0.724137931,8,0.137931034,7.90%,20.20%,0.268,0.512,0.325,0.837,15.9,1.5,0.025862069
2018,Lourdes Gurriel Jr.,TOR,24,65,0.401234568,263,4.046153846,30,0.461538462,8,0.123076923,0,0,11,0.169230769,35,0.538461538,1,0.015384615,3.40%,22.40%,0.281,0.446,0.309,0.755,4.1,0.4,0.006153846
2019,Lourdes Gurriel Jr.,TOR,25,84,0.518518519,343,4.083333333,52,0.619047619,19,0.226190476,2,0.023809524,20,0.238095238,50,0.595238095,6,0.071428571,5.80%,25.10%,0.277,0.541,0.327,0.869,18.7,1.8,0.021428571
2020,Lourdes Gurriel Jr.,TOR,26,57,0.95,224,3.929824561,28,0.49122807,14,0.245614035,0,0,11,0.192982456,33,0.578947368,3,0.052631579,6.30%,21.40%,0.308,0.534,0.348,0.882,12,1.2,0.021052632
2020,Luis Robert,CHW,22,56,0.933333333,227,4.053571429,33,0.589285714,8,0.142857143,0,0,11,0.196428571,31,0.553571429,9,0.160714286,8.80%,32.20%,0.233,0.436,0.302,0.738,15.4,1.5,0.026785714
2012,Manny Machado,BAL,19,51,1,202,3.960784314,24,0.470588235,8,0.156862745,3,0.058823529,7,0.137254902,26,0.509803922,2,0.039215686,4.50%,18.80%,0.262,0.445,0.294,0.739,12,1.3,0.025490196
2013,Manny Machado,BAL,20,156,0.962962963,710,4.551282051,88,0.564102564,51,0.326923077,3,0.019230769,14,0.08974359,71,0.455128205,6,0.038461538,4.10%,15.90%,0.283,0.432,0.314,0.746,46.5,5,0.032051282
2014,Manny Machado,BAL,21,82,0.50617284,354,4.317073171,38,0.463414634,14,0.170731707,0,0,12,0.146341463,32,0.390243902,2,0.024390244,5.60%,19.20%,0.278,0.431,0.324,0.755,20.9,2.3,0.02804878
2015,Manny Machado,BAL,22,162,1,713,4.401234568,102,0.62962963,30,0.185185185,1,0.00617284,35,0.216049383,86,0.530864198,20,0.12345679,9.80%,15.60%,0.286,0.502,0.359,0.861,62.1,6.6,0.040740741
2016,Manny Machado,BAL,23,157,0.969135802,696,4.433121019,105,0.668789809,40,0.25477707,1,0.006369427,37,0.23566879,96,0.611464968,0,0,6.90%,17.20%,0.294,0.533,0.343,0.876,62,6.3,0.040127389
2017,Manny Machado,BAL,24,156,0.962962963,690,4.423076923,81,0.519230769,33,0.211538462,1,0.006410256,33,0.211538462,95,0.608974359,9,0.057692308,7.20%,16.70%,0.259,0.471,0.31,0.782,24.6,2.4,0.015384615
2018,Manny Machado,- - -,25,162,1,709,4.37654321,84,0.518518519,35,0.216049383,3,0.018518519,37,0.228395062,107,0.660493827,14,0.086419753,9.90%,14.70%,0.297,0.538,0.367,0.905,60.9,6.3,0.038888889
2019,Manny Machado,SDP,26,156,0.962962963,661,4.237179487,81,0.519230769,21,0.134615385,2,0.012820513,32,0.205128205,85,0.544871795,5,0.032051282,9.80%,19.40%,0.256,0.462,0.334,0.796,31.8,3.1,0.019871795
2020,Manny Machado,SDP,27,60,1,254,4.233333333,44,0.733333333,12,0.2,1,0.016666667,16,0.266666667,47,0.783333333,6,0.1,10.20%,14.60%,0.304,0.58,0.37,0.95,26.2,2.6,0.043333333
2013,Marcell Ozuna,MIA,22,70,0.432098765,291,4.157142857,31,0.442857143,17,0.242857143,4,0.057142857,3,0.042857143,32,0.457142857,5,0.071428571,4.50%,19.60%,0.265,0.389,0.303,0.693,15.1,1.6,0.022857143
2014,Marcell Ozuna,MIA,23,153,0.944444444,612,4,72,0.470588235,26,0.169934641,5,0.032679739,23,0.150326797,85,0.555555556,3,0.019607843,6.70%,26.80%,0.269,0.455,0.317,0.772,40.6,4.5,0.029411765
2015,Marcell Ozuna,MIA,24,123,0.759259259,494,4.016260163,47,0.382113821,27,0.219512195,0,0,10,0.081300813,44,0.357723577,2,0.016260163,6.10%,22.30%,0.259,0.383,0.308,0.691,13.9,1.5,0.012195122
2016,Marcell Ozuna,MIA,25,148,0.913580247,608,4.108108108,75,0.506756757,23,0.155405405,6,0.040540541,23,0.155405405,76,0.513513514,0,0,7.10%,18.90%,0.266,0.452,0.321,0.773,23.4,2.4,0.016216216
2017,Marcell Ozuna,MIA,26,159,0.981481481,679,4.270440252,93,0.58490566,30,0.188679245,2,0.012578616,37,0.232704403,124,0.779874214,1,0.006289308,9.40%,21.20%,0.312,0.548,0.376,0.924,50.6,5,0.031446541
2018,Marcell Ozuna,STL,27,148,0.913580247,628,4.243243243,69,0.466216216,16,0.108108108,2,0.013513514,23,0.155405405,88,0.594594595,3,0.02027027,6.10%,17.50%,0.28,0.433,0.325,0.758,26.9,2.8,0.018918919
2019,Marcell Ozuna,STL,28,130,0.802469136,549,4.223076923,80,0.615384615,23,0.176923077,1,0.007692308,29,0.223076923,89,0.684615385,12,0.092307692,11.30%,20.80%,0.241,0.472,0.328,0.8,25.8,2.5,0.019230769
2020,Marcell Ozuna,ATL,29,60,1,267,4.45,38,0.633333333,14,0.233333333,0,0,18,0.3,56,0.933333333,0,0,14.20%,22.50%,0.338,0.636,0.431,1.067,26,2.5,0.041666667
2016,Matt Olson,OAK,22,11,0.067901235,28,2.545454545,3,0.272727273,1,0.090909091,0,0,0,0,0,0,0,0,25.00%,14.30%,0.095,0.143,0.321,0.464,-0.8,-0.1,-0.009090909
2017,Matt Olson,OAK,23,59,0.364197531,216,3.661016949,33,0.559322034,2,0.033898305,0,0,24,0.406779661,45,0.762711864,0,0,10.20%,27.80%,0.259,0.651,0.352,1.003,21.3,2.1,0.03559322
2018,Matt Olson,OAK,24,162,1,660,4.074074074,85,0.524691358,33,0.203703704,0,0,29,0.179012346,84,0.518518519,2,0.012345679,10.60%,24.70%,0.247,0.453,0.335,0.788,34.1,3.5,0.021604938
2019,Matt Olson,OAK,25,127,0.783950617,547,4.307086614,73,0.57480315,26,0.204724409,0,0,36,0.283464567,91,0.716535433,0,0,9.30%,25.20%,0.267,0.545,0.351,0.896,40.3,3.9,0.030708661
2020,Matt Olson,OAK,26,60,1,245,4.083333333,28,0.466666667,4,0.066666667,1,0.016666667,14,0.233333333,42,0.7,1,0.016666667,13.90%,31.40%,0.195,0.424,0.31,0.734,8,0.8,0.013333333
2015,Michael Conforto,NYM,22,56,0.345679012,194,3.464285714,30,0.535714286,14,0.25,0,0,9,0.160714286,26,0.464285714,0,0,8.80%,20.10%,0.27,0.506,0.335,0.841,17.6,1.9,0.033928571
2016,Michael Conforto,NYM,23,109,0.672839506,348,3.19266055,38,0.348623853,21,0.19266055,1,0.009174312,12,0.110091743,42,0.385321101,2,0.018348624,10.30%,25.60%,0.22,0.414,0.31,0.725,9.5,1,0.009174312
2017,Michael Conforto,NYM,24,109,0.672839506,440,4.036697248,72,0.660550459,20,0.183486239,1,0.009174312,27,0.247706422,68,0.623853211,2,0.018348624,13.00%,25.70%,0.279,0.555,0.384,0.939,44.2,4.4,0.040366972
2018,Michael Conforto,NYM,25,153,0.944444444,638,4.169934641,78,0.509803922,25,0.163398693,1,0.006535948,28,0.183006536,82,0.535947712,3,0.019607843,13.20%,24.90%,0.243,0.448,0.35,0.797,28.6,2.9,0.018954248
2019,Michael Conforto,NYM,26,151,0.932098765,648,4.291390728,90,0.59602649,29,0.19205298,1,0.006622517,33,0.218543046,92,0.609271523,7,0.046357616,13.00%,23.00%,0.257,0.494,0.363,0.856,38.2,3.7,0.024503311
2020,Michael Conforto,NYM,27,54,0.9,233,4.314814815,40,0.740740741,12,0.222222222,0,0,9,0.166666667,31,0.574074074,3,0.055555556,10.30%,24.50%,0.322,0.515,0.412,0.927,20.6,2,0.037037037
2011,Mike Trout,LAA,19,40,0.24691358,135,3.375,20,0.5,6,0.15,0,0,5,0.125,16,0.4,4,0.1,6.70%,22.20%,0.22,0.39,0.281,0.672,6.7,0.7,0.0175
2012,Mike Trout,LAA,20,139,0.858024691,639,4.597122302,129,0.928057554,27,0.194244604,8,0.057553957,30,0.215827338,83,0.597122302,49,0.352517986,10.50%,21.80%,0.326,0.564,0.399,0.963,96.2,10.1,0.072661871
2013,Mike Trout,LAA,21,157,0.969135802,716,4.560509554,109,0.694267516,39,0.248407643,9,0.057324841,27,0.171974522,97,0.617834395,33,0.210191083,15.40%,19.00%,0.323,0.557,0.432,0.988,94.1,10.2,0.064968153
2014,Mike Trout,LAA,22,157,0.969135802,705,4.49044586,115,0.732484076,39,0.248407643,9,0.057324841,36,0.229299363,111,0.707006369,16,0.101910828,11.80%,26.10%,0.287,0.561,0.377,0.939,75.6,8.3,0.052866242
2015,Mike Trout,LAA,23,159,0.981481481,682,4.289308176,104,0.65408805,32,0.201257862,6,0.037735849,41,0.257861635,90,0.566037736,11,0.06918239,13.50%,23.20%,0.299,0.59,0.402,0.991,87.6,9.3,0.058490566
2016,Mike Trout,LAA,24,159,0.981481481,681,4.283018868,123,0.773584906,32,0.201257862,5,0.031446541,29,0.182389937,100,0.628930818,30,0.188679245,17.00%,20.10%,0.315,0.55,0.441,0.991,94.7,9.7,0.061006289
2017,Mike Trout,LAA,25,114,0.703703704,507,4.447368421,92,0.807017544,25,0.219298246,3,0.026315789,33,0.289473684,72,0.631578947,22,0.192982456,18.50%,17.80%,0.306,0.629,0.442,1.071,68.3,6.8,0.059649123
2018,Mike Trout,LAA,26,140,0.864197531,608,4.342857143,101,0.721428571,24,0.171428571,4,0.028571429,39,0.278571429,79,0.564285714,24,0.171428571,20.10%,20.40%,0.312,0.628,0.46,1.088,93.5,9.6,0.068571429
2019,Mike Trout,LAA,27,134,0.827160494,600,4.47761194,110,0.820895522,27,0.201492537,2,0.014925373,45,0.335820896,104,0.776119403,11,0.082089552,18.30%,20.00%,0.291,0.645,0.438,1.083,87.7,8.5,0.063432836
2020,Mike Trout,LAA,28,53,0.883333333,241,4.547169811,41,0.773584906,9,0.169811321,2,0.037735849,17,0.320754717,46,0.867924528,1,0.018867925,14.50%,23.20%,0.281,0.603,0.39,0.993,25.8,2.5,0.047169811
2014,Mookie Betts,BOS,21,52,0.320987654,213,4.096153846,34,0.653846154,12,0.230769231,1,0.019230769,5,0.096153846,18,0.346153846,7,0.134615385,9.90%,14.60%,0.291,0.444,0.368,0.812,16.4,1.8,0.034615385
2015,Mookie Betts,BOS,22,145,0.895061728,654,4.510344828,92,0.634482759,42,0.289655172,8,0.055172414,18,0.124137931,77,0.531034483,21,0.144827586,7.00%,12.50%,0.291,0.479,0.341,0.82,45,4.8,0.033103448
2016,Mookie Betts,BOS,23,158,0.975308642,730,4.620253165,122,0.772151899,42,0.265822785,5,0.03164557,31,0.196202532,113,0.715189873,26,0.164556962,6.70%,11.00%,0.318,0.534,0.363,0.897,81,8.3,0.052531646
2017,Mookie Betts,BOS,24,153,0.944444444,712,4.653594771,101,0.660130719,46,0.300653595,2,0.013071895,24,0.156862745,102,0.666666667,26,0.169934641,10.80%,11.10%,0.264,0.459,0.344,0.803,53.7,5.3,0.034640523
2018,Mookie Betts,BOS,25,136,0.839506173,614,4.514705882,129,0.948529412,47,0.345588235,5,0.036764706,32,0.235294118,80,0.588235294,30,0.220588235,13.20%,14.80%,0.346,0.64,0.438,1.078,101.1,10.4,0.076470588
2019,Mookie Betts,BOS,26,150,0.925925926,706,4.706666667,135,0.9,40,0.266666667,5,0.033333333,29,0.193333333,80,0.533333333,16,0.106666667,13.70%,14.30%,0.295,0.524,0.391,0.915,68.3,6.6,0.044
2020,Mookie Betts,LAD,27,55,0.916666667,246,4.472727273,47,0.854545455,9,0.163636364,1,0.018181818,16,0.290909091,39,0.709090909,10,0.181818182,9.80%,15.40%,0.292,0.562,0.366,0.927,30.4,3,0.054545455
2013,Nick Castellanos,DET,21,11,0.067901235,18,1.636363636,1,0.090909091,0,0,0,0,0,0,0,0,0,0,0.00%,5.60%,0.278,0.278,0.278,0.556,-1.3,-0.1,-0.009090909
2014,Nick Castellanos,DET,22,148,0.913580247,579,3.912162162,50,0.337837838,31,0.209459459,4,0.027027027,11,0.074324324,66,0.445945946,2,0.013513514,6.20%,24.20%,0.259,0.394,0.306,0.7,3.5,0.4,0.002702703
2015,Nick Castellanos,DET,23,154,0.950617284,595,3.863636364,42,0.272727273,33,0.214285714,6,0.038961039,15,0.097402597,73,0.474025974,0,0,6.60%,25.50%,0.255,0.419,0.303,0.721,4.5,0.5,0.003246753
2016,Nick Castellanos,DET,24,110,0.679012346,447,4.063636364,54,0.490909091,25,0.227272727,4,0.036363636,18,0.163636364,58,0.527272727,1,0.009090909,6.30%,24.80%,0.285,0.496,0.331,0.827,23.8,2.4,0.021818182
2017,Nick Castellanos,DET,25,157,0.969135802,665,4.23566879,73,0.464968153,36,0.229299363,10,0.063694268,26,0.165605096,101,0.643312102,4,0.025477707,6.20%,21.40%,0.272,0.49,0.32,0.811,15,1.5,0.00955414
2018,Nick Castellanos,DET,26,157,0.969135802,678,4.318471338,88,0.560509554,46,0.292993631,5,0.031847134,23,0.146496815,89,0.566878981,2,0.012738854,7.20%,22.30%,0.298,0.5,0.354,0.854,28.2,2.9,0.018471338
2019,Nick Castellanos,- - -,27,151,0.932098765,664,4.397350993,100,0.662251656,58,0.38410596,3,0.01986755,27,0.178807947,73,0.483443709,2,0.013245033,6.20%,21.50%,0.289,0.525,0.337,0.863,28.2,2.7,0.017880795
2020,Nick Castellanos,CIN,28,60,1,242,4.033333333,37,0.616666667,11,0.183333333,2,0.033333333,14,0.233333333,34,0.566666667,0,0,7.90%,28.50%,0.225,0.486,0.298,0.784,4.6,0.4,0.006666667
2013,Nolan Arenado,COL,22,133,0.820987654,514,3.864661654,49,0.368421053,29,0.218045113,4,0.030075188,10,0.07518797,52,0.390977444,2,0.015037594,4.50%,14.00%,0.267,0.405,0.301,0.706,16.7,1.8,0.013533835
2014,Nolan Arenado,COL,23,111,0.685185185,467,4.207207207,58,0.522522523,34,0.306306306,2,0.018018018,18,0.162162162,61,0.54954955,2,0.018018018,5.40%,12.40%,0.287,0.5,0.328,0.828,23.8,2.6,0.023423423
2015,Nolan Arenado,COL,24,157,0.969135802,665,4.23566879,97,0.617834395,43,0.27388535,4,0.025477707,42,0.267515924,130,0.828025478,2,0.012738854,5.10%,16.50%,0.287,0.575,0.323,0.898,42.2,4.5,0.02866242
2016,Nolan Arenado,COL,25,160,0.987654321,696,4.35,116,0.725,35,0.21875,6,0.0375,41,0.25625,133,0.83125,2,0.0125,9.80%,14.80%,0.294,0.57,0.362,0.932,49,5,0.03125
2017,Nolan Arenado,COL,26,159,0.981481481,680,4.27672956,100,0.628930818,43,0.270440252,7,0.044025157,37,0.232704403,130,0.817610063,3,0.018867925,9.10%,15.60%,0.309,0.586,0.373,0.959,57.6,5.7,0.035849057
2018,Nolan Arenado,COL,27,156,0.962962963,673,4.314102564,104,0.666666667,38,0.243589744,2,0.012820513,38,0.243589744,110,0.705128205,2,0.012820513,10.80%,18.10%,0.297,0.561,0.374,0.935,56,5.8,0.037179487
2019,Nolan Arenado,COL,28,155,0.956790123,662,4.270967742,102,0.658064516,31,0.2,2,0.012903226,41,0.264516129,118,0.761290323,3,0.019354839,9.40%,14.00%,0.315,0.583,0.379,0.962,61.5,6,0.038709677
2020,Nolan Arenado,COL,29,48,0.8,201,4.1875,23,0.479166667,9,0.1875,0,0,8,0.166666667,26,0.541666667,0,0,7.50%,10.00%,0.253,0.434,0.303,0.738,9.7,0.9,0.01875
2017,Ozzie Albies,ATL,20,57,0.351851852,244,4.280701754,34,0.596491228,9,0.157894737,5,0.087719298,6,0.105263158,28,0.49122807,8,0.140350877,8.60%,14.80%,0.286,0.456,0.354,0.81,18.5,1.8,0.031578947
2018,Ozzie Albies,ATL,21,158,0.975308642,684,4.329113924,105,0.664556962,40,0.253164557,5,0.03164557,24,0.151898734,72,0.455696203,14,0.088607595,5.30%,17.00%,0.261,0.452,0.305,0.757,36.5,3.8,0.024050633
2019,Ozzie Albies,ATL,22,160,0.987654321,702,4.3875,102,0.6375,43,0.26875,8,0.05,24,0.15,86,0.5375,15,0.09375,7.70%,16.00%,0.295,0.5,0.352,0.852,47.1,4.6,0.02875
2020,Ozzie Albies,ATL,23,29,0.483333333,124,4.275862069,21,0.724137931,5,0.172413793,0,0,6,0.206896552,19,0.655172414,3,0.103448276,4.00%,24.20%,0.271,0.466,0.306,0.773,6.1,0.6,0.020689655
2019,Pete Alonso,NYM,24,161,0.99382716,693,4.304347826,103,0.639751553,30,0.186335404,2,0.01242236,53,0.329192547,120,0.745341615,1,0.00621118,10.40%,26.40%,0.26,0.583,0.358,0.941,49.4,4.8,0.029813665
2020,Pete Alonso,NYM,25,57,0.95,239,4.192982456,31,0.543859649,6,0.105263158,0,0,16,0.280701754,35,0.614035088,1,0.01754386,10.00%,25.50%,0.231,0.49,0.326,0.817,3.6,0.4,0.007017544
2017,Rafael Devers,BOS,20,58,0.358024691,240,4.137931034,34,0.586206897,14,0.24137931,0,0,10,0.172413793,30,0.517241379,3,0.051724138,7.50%,23.80%,0.284,0.482,0.338,0.819,7.7,0.8,0.013793103
2018,Rafael Devers,BOS,21,121,0.74691358,490,4.049586777,59,0.487603306,24,0.198347107,0,0,21,0.173553719,66,0.545454545,5,0.041322314,7.80%,24.70%,0.24,0.433,0.298,0.731,9.6,1,0.008264463
2019,Rafael Devers,BOS,22,156,0.962962963,702,4.5,129,0.826923077,54,0.346153846,4,0.025641026,32,0.205128205,115,0.737179487,8,0.051282051,6.80%,17.00%,0.311,0.555,0.361,0.916,61.2,5.9,0.037820513
2020,Rafael Devers,BOS,23,57,0.95,248,4.350877193,32,0.561403509,16,0.280701754,1,0.01754386,11,0.192982456,43,0.754385965,0,0,5.20%,27.00%,0.263,0.483,0.31,0.793,5.5,0.5,0.00877193
2019,Randy Arozarena,STL,24,19,0.117283951,23,1.210526316,4,0.210526316,1,0.052631579,0,0,1,0.052631579,2,0.105263158,2,0.105263158,8.70%,17.40%,0.3,0.5,0.391,0.891,2.3,0.2,0.010526316
2020,Randy Arozarena,TBR,25,23,0.383333333,76,3.304347826,15,0.652173913,2,0.086956522,0,0,7,0.304347826,11,0.47826087,4,0.173913043,7.90%,28.90%,0.281,0.641,0.382,1.022,8.1,0.8,0.034782609
2018,Ronald Acuna Jr.,ATL,20,111,0.685185185,487,4.387387387,78,0.702702703,26,0.234234234,4,0.036036036,26,0.234234234,64,0.576576577,16,0.144144144,9.20%,25.30%,0.293,0.552,0.366,0.917,35.8,3.7,0.033333333
2019,Ronald Acuna Jr.,ATL,21,156,0.962962963,715,4.583333333,127,0.814102564,22,0.141025641,2,0.012820513,41,0.262820513,101,0.647435897,37,0.237179487,10.60%,26.30%,0.28,0.518,0.365,0.883,57.3,5.6,0.035897436
2020,Ronald Acuna Jr.,ATL,22,46,0.766666667,202,4.391304348,46,1,11,0.239130435,0,0,14,0.304347826,29,0.630434783,8,0.173913043,18.80%,29.70%,0.25,0.581,0.406,0.987,24.6,2.4,0.052173913
2012,Starling Marte,PIT,23,47,0.290123457,182,3.872340426,18,0.382978723,3,0.063829787,6,0.127659574,5,0.106382979,17,0.361702128,12,0.255319149,4.40%,27.50%,0.257,0.437,0.3,0.737,2,0.2,0.004255319
2013,Starling Marte,PIT,24,135,0.833333333,566,4.192592593,83,0.614814815,26,0.192592593,10,0.074074074,12,0.088888889,35,0.259259259,41,0.303703704,4.40%,24.40%,0.28,0.441,0.343,0.784,39.6,4.3,0.031851852
2014,Starling Marte,PIT,25,135,0.833333333,545,4.037037037,73,0.540740741,29,0.214814815,6,0.044444444,13,0.096296296,56,0.414814815,30,0.222222222,6.10%,24.00%,0.291,0.453,0.356,0.808,41,4.5,0.033333333
2015,Starling Marte,PIT,26,153,0.944444444,633,4.137254902,84,0.549019608,30,0.196078431,2,0.013071895,19,0.124183007,81,0.529411765,30,0.196078431,4.30%,19.40%,0.287,0.444,0.337,0.78,31,3.3,0.021568627
2016,Starling Marte,PIT,27,129,0.796296296,529,4.100775194,71,0.550387597,34,0.263565891,5,0.03875969,9,0.069767442,46,0.356589147,47,0.364341085,4.30%,19.70%,0.311,0.456,0.362,0.818,36.4,3.7,0.028682171
2017,Starling Marte,PIT,28,77,0.475308642,339,4.402597403,48,0.623376623,7,0.090909091,2,0.025974026,7,0.090909091,31,0.402597403,21,0.272727273,5.90%,18.60%,0.275,0.379,0.333,0.712,13.9,1.4,0.018181818
2018,Starling Marte,PIT,29,145,0.895061728,606,4.179310345,81,0.55862069,32,0.220689655,5,0.034482759,20,0.137931034,72,0.496551724,33,0.227586207,5.80%,18.00%,0.277,0.46,0.327,0.787,35.1,3.6,0.024827586
2019,Starling Marte,PIT,30,132,0.814814815,586,4.439393939,97,0.734848485,31,0.234848485,6,0.045454545,23,0.174242424,82,0.621212121,25,0.189393939,4.30%,16.00%,0.295,0.503,0.342,0.845,30.7,3,0.022727273
2020,Starling Marte,- - -,31,61,1.016666667,250,4.098360656,36,0.590163934,14,0.229508197,1,0.016393443,6,0.098360656,27,0.442622951,10,0.163934426,4.80%,16.40%,0.281,0.43,0.34,0.77,13.5,1.3,0.021311475
2016,Teoscar Hernandez,HOU,23,41,0.25308642,112,2.731707317,15,0.365853659,7,0.170731707,0,0,4,0.097560976,11,0.268292683,0,0,9.80%,25.00%,0.23,0.42,0.304,0.724,-0.2,0,0
2017,Teoscar Hernandez,- - -,24,27,0.166666667,95,3.518518519,16,0.592592593,6,0.222222222,0,0,8,0.296296296,20,0.740740741,0,0,6.30%,37.90%,0.261,0.602,0.305,0.908,5.2,0.5,0.018518519
2018,Teoscar Hernandez,TOR,25,134,0.827160494,523,3.902985075,67,0.5,29,0.21641791,7,0.052238806,22,0.164179104,57,0.425373134,5,0.037313433,7.80%,31.20%,0.239,0.468,0.302,0.771,3.3,0.3,0.002238806
2019,Teoscar Hernandez,TOR,26,125,0.771604938,464,3.712,58,0.464,19,0.152,2,0.016,26,0.208,65,0.52,6,0.048,9.70%,33.00%,0.23,0.472,0.306,0.778,12.8,1.2,0.0096
2020,Teoscar Hernandez,TOR,27,50,0.833333333,207,4.14,33,0.66,7,0.14,0,0,16,0.32,34,0.68,6,0.12,6.80%,30.40%,0.289,0.579,0.34,0.919,15.9,1.5,0.03
2016,Tim Anderson,CHW,23,99,0.611111111,431,4.353535354,57,0.575757576,22,0.222222222,6,0.060606061,9,0.090909091,30,0.303030303,10,0.101010101,3.00%,27.10%,0.283,0.432,0.306,0.738,20.2,2.1,0.021212121
2017,Tim Anderson,CHW,24,146,0.901234568,606,4.150684932,72,0.493150685,26,0.178082192,4,0.02739726,17,0.116438356,56,0.383561644,15,0.102739726,2.10%,26.70%,0.257,0.402,0.276,0.679,1.5,0.1,0.000684932
2018,Tim Anderson,CHW,25,153,0.944444444,606,3.960784314,77,0.503267974,28,0.183006536,3,0.019607843,20,0.130718954,64,0.418300654,26,0.169934641,5.00%,24.60%,0.24,0.406,0.281,0.687,19.3,2,0.013071895
2019,Tim Anderson,CHW,26,123,0.759259259,518,4.211382114,81,0.658536585,32,0.260162602,0,0,18,0.146341463,56,0.455284553,17,0.138211382,2.90%,21.00%,0.335,0.508,0.357,0.865,35.5,3.4,0.027642276
2020,Tim Anderson,CHW,27,49,0.816666667,221,4.510204082,45,0.918367347,11,0.224489796,1,0.020408163,10,0.204081633,21,0.428571429,5,0.102040816,4.50%,22.60%,0.322,0.529,0.357,0.886,22,2.1,0.042857143
2015,Trea Turner,WSN,22,27,0.166666667,44,1.62962963,5,0.185185185,1,0.037037037,0,0,1,0.037037037,1,0.037037037,2,0.074074074,9.10%,27.30%,0.225,0.325,0.295,0.62,0,0,0
2016,Trea Turner,WSN,23,73,0.450617284,324,4.438356164,53,0.726027397,14,0.191780822,8,0.109589041,13,0.178082192,40,0.547945205,33,0.452054795,4.30%,18.20%,0.342,0.567,0.37,0.937,32.1,3.3,0.045205479
2017,Trea Turner,WSN,24,98,0.604938272,447,4.56122449,75,0.765306122,24,0.244897959,6,0.06122449,11,0.112244898,45,0.459183673,46,0.469387755,6.70%,17.90%,0.284,0.451,0.338,0.789,28.1,2.8,0.028571429
2018,Trea Turner,WSN,25,162,1,740,4.567901235,103,0.635802469,27,0.166666667,6,0.037037037,19,0.117283951,73,0.450617284,43,0.265432099,9.30%,17.80%,0.271,0.416,0.344,0.76,46.6,4.8,0.02962963
2019,Trea Turner,WSN,26,122,0.75308642,569,4.663934426,96,0.786885246,37,0.303278689,5,0.040983607,19,0.155737705,57,0.467213115,35,0.286885246,7.60%,19.90%,0.298,0.497,0.353,0.85,36.3,3.5,0.028688525
2020,Trea Turner,WSN,27,59,0.983333333,259,4.389830508,46,0.779661017,15,0.254237288,4,0.06779661,12,0.203389831,41,0.694915254,12,0.203389831,8.50%,13.90%,0.335,0.588,0.394,0.982,28,2.7,0.045762712
2019,Trent Grisham,MIL,22,51,0.962264151,183,3.588235294,24,0.470588235,6,0.117647059,2,0.039215686,6,0.117647059,24,0.470588235,1,0.019607843,10.90%,26.20%,0.231,0.41,0.328,0.738,6.1,0.6,0.011764706
2020,Trent Grisham,SDP,23,59,0.983333333,252,4.271186441,42,0.711864407,8,0.13559322,3,0.050847458,10,0.169491525,26,0.440677966,10,0.169491525,12.30%,25.40%,0.251,0.456,0.352,0.808,23.7,2.3,0.038983051
2016,Trevor Story,COL,23,97,0.598765432,415,4.278350515,67,0.690721649,21,0.216494845,4,0.041237113,27,0.278350515,72,0.742268041,8,0.082474227,8.40%,31.30%,0.272,0.567,0.341,0.909,30.1,3.1,0.031958763
2017,Trevor Story,COL,24,145,0.895061728,555,3.827586207,68,0.468965517,32,0.220689655,3,0.020689655,24,0.165517241,82,0.565517241,7,0.048275862,8.80%,34.40%,0.239,0.457,0.308,0.765,14.1,1.4,0.009655172
2018,Trevor Story,COL,25,157,0.969135802,656,4.178343949,88,0.560509554,42,0.267515924,6,0.038216561,37,0.23566879,108,0.687898089,27,0.171974522,7.20%,25.60%,0.291,0.567,0.348,0.914,49.9,5.1,0.032484076
2019,Trevor Story,COL,26,145,0.895061728,656,4.524137931,111,0.765517241,38,0.262068966,5,0.034482759,35,0.24137931,85,0.586206897,23,0.15862069,8.80%,26.50%,0.294,0.554,0.363,0.917,60.6,5.9,0.040689655
2020,Trevor Story,COL,27,59,0.983333333,259,4.389830508,41,0.694915254,13,0.220338983,4,0.06779661,11,0.186440678,28,0.474576271,15,0.254237288,9.30%,24.30%,0.289,0.519,0.355,0.874,25.1,2.4,0.040677966
2019,Vladimir Guerrero Jr.,TOR,20,123,0.759259259,514,4.178861789,52,0.422764228,26,0.211382114,2,0.016260163,15,0.12195122,69,0.56097561,0,0,8.90%,17.70%,0.272,0.433,0.339,0.772,4.2,0.4,0.003252033
2020,Vladimir Guerrero Jr.,TOR,21,60,1,243,4.05,34,0.566666667,13,0.216666667,2,0.033333333,9,0.15,33,0.55,1,0.016666667,8.20%,15.60%,0.262,0.462,0.329,0.791,2.1,0.2,0.003333333
2016,Whit Merrifield,KCR,27,81,0.5,332,4.098765432,44,0.543209877,22,0.271604938,3,0.037037037,2,0.024691358,29,0.358024691,8,0.098765432,5.70%,21.70%,0.283,0.392,0.323,0.716,14.2,1.5,0.018518519
2017,Whit Merrifield,KCR,28,145,0.895061728,630,4.344827586,80,0.551724138,32,0.220689655,6,0.04137931,19,0.131034483,78,0.537931034,34,0.234482759,4.60%,14.00%,0.288,0.46,0.324,0.784,28.1,2.8,0.019310345
2018,Whit Merrifield,KCR,29,158,0.975308642,707,4.474683544,88,0.556962025,43,0.272151899,3,0.018987342,12,0.075949367,60,0.379746835,45,0.284810127,8.60%,16.10%,0.304,0.438,0.367,0.806,49.9,5.1,0.032278481
2019,Whit Merrifield,KCR,30,162,1,735,4.537037037,105,0.648148148,41,0.25308642,10,0.061728395,16,0.098765432,74,0.456790123,20,0.12345679,6.10%,17.10%,0.302,0.463,0.348,0.811,29.5,2.9,0.017901235
2020,Whit Merrifield,KCR,31,60,1,265,4.416666667,38,0.633333333,12,0.2,0,0,9,0.15,30,0.5,12,0.2,4.50%,12.50%,0.282,0.44,0.325,0.764,13.8,1.3,0.021666667
2013,Xander Bogaerts,BOS,20,18,0.111111111,50,2.777777778,7,0.388888889,2,0.111111111,0,0,1,0.055555556,5,0.277777778,1,0.055555556,10.00%,26.00%,0.25,0.364,0.32,0.684,1.2,0.1,0.005555556
2014,Xander Bogaerts,BOS,21,144,0.888888889,594,4.125,60,0.416666667,28,0.194444444,1,0.006944444,12,0.083333333,46,0.319444444,2,0.013888889,6.60%,23.20%,0.24,0.362,0.297,0.66,0.9,0.1,0.000694444
2015,Xander Bogaerts,BOS,22,156,0.962962963,654,4.192307692,84,0.538461538,35,0.224358974,3,0.019230769,7,0.044871795,81,0.519230769,10,0.064102564,4.90%,15.40%,0.32,0.421,0.355,0.776,43.3,4.6,0.029487179
2016,Xander Bogaerts,BOS,23,157,0.969135802,719,4.579617834,115,0.732484076,34,0.21656051,1,0.006369427,21,0.133757962,89,0.566878981,13,0.082802548,8.10%,17.10%,0.294,0.446,0.356,0.802,47.4,4.9,0.031210191
2017,Xander Bogaerts,BOS,24,148,0.913580247,635,4.290540541,94,0.635135135,32,0.216216216,6,0.040540541,10,0.067567568,62,0.418918919,15,0.101351351,8.80%,18.30%,0.273,0.403,0.343,0.746,31.8,3.2,0.021621622
2018,Xander Bogaerts,BOS,25,136,0.839506173,580,4.264705882,72,0.529411765,45,0.330882353,3,0.022058824,23,0.169117647,103,0.757352941,8,0.058823529,9.50%,17.60%,0.288,0.522,0.36,0.883,47.6,4.9,0.036029412
2019,Xander Bogaerts,BOS,26,155,0.956790123,698,4.503225806,110,0.709677419,52,0.335483871,0,0,33,0.212903226,117,0.75483871,4,0.025806452,10.90%,17.50%,0.309,0.555,0.384,0.939,70.4,6.8,0.043870968
2020,Xander Bogaerts,BOS,27,56,0.933333333,225,4.017857143,36,0.642857143,8,0.142857143,0,0,11,0.196428571,28,0.5,8,0.142857143,9.30%,18.20%,0.3,0.502,0.364,0.867,19.5,1.9,0.033928571
2019,Yordan Alvarez,HOU,22,87,0.537037037,369,4.24137931,58,0.666666667,26,0.298850575,0,0,27,0.310344828,78,0.896551724,0,0,14.10%,25.50%,0.313,0.655,0.412,1.067,39.6,3.8,0.043678161
2020,Yordan Alvarez,HOU,23,2,0.033333333,9,4.5,2,1,0,0,0,0,1,0.5,4,2,0,0,0.00%,11.10%,0.25,0.625,0.333,0.958,0.6,0.1,0.05