Season,League,League,G,RS,RA,OBP,SLG,BA,OOBP,OSLG,W,Playoffs
2019,ARI,NL,162,813,743,0.323,0.434,0.252,0.32,0.432,85,0
2019,ATL,NL,162,855,743,0.336,0.452,0.258,0.329,0.419,97,1
2019,BAL,AL,162,729,981,0.31,0.415,0.246,0.342,0.497,54,0
2019,BOS,AL,162,901,828,0.34,0.466,0.269,0.33,0.431,84,0
2019,CHC,NL,162,814,717,0.331,0.452,0.252,0.323,0.414,84,0
2019,CHW,AL,162,708,832,0.314,0.414,0.261,0.337,0.452,72,0
2019,CIN,NL,162,701,711,0.315,0.422,0.244,0.31,0.41,75,0
2019,CLE,AL,162,769,657,0.323,0.432,0.25,0.304,0.419,93,0
2019,COL,NL,162,835,958,0.326,0.456,0.265,0.348,0.492,71,0
2019,DET,AL,162,582,915,0.294,0.388,0.24,0.342,0.478,47,0
2019,HOU,NL,162,920,640,0.352,0.495,0.274,0.283,0.397,107,1
2019,KCR,AL,162,691,869,0.309,0.401,0.247,0.348,0.456,59,0
2019,LAA,AL,162,769,868,0.324,0.422,0.247,0.331,0.459,72,0
2019,LAD,NL,162,886,613,0.338,0.472,0.257,0.282,0.379,106,1
2019,MIA,NL,162,615,808,0.298,0.375,0.241,0.329,0.435,57,0
2019,MIL,NL,162,769,766,0.329,0.438,0.246,0.321,0.425,89,1
2019,MIN,AL,162,939,754,0.338,0.494,0.27,0.316,0.419,101,1
2019,NYM,NL,162,791,737,0.328,0.442,0.257,0.317,0.418,86,0
2019,NYY,AL,162,943,739,0.339,0.49,0.267,0.314,0.439,103,1
2019,OAK,AL,162,845,680,0.327,0.448,0.249,0.308,0.404,97,1
2019,PHI,NL,162,774,794,0.319,0.427,0.246,0.332,0.453,81,0
2019,PIT,NL,162,758,911,0.321,0.42,0.265,0.343,0.47,69,0
2019,SDP,NL,162,682,789,0.308,0.41,0.238,0.315,0.43,70,0
2019,SEA,AL,162,758,893,0.316,0.424,0.237,0.326,0.469,68,0
2019,SFG,NL,162,678,773,0.302,0.392,0.239,0.318,0.428,77,0
2019,STL,NL,162,764,662,0.322,0.415,0.245,0.314,0.397,91,1
2019,TBR,AL,162,769,656,0.325,0.431,0.254,0.294,0.386,96,1
2019,TEX,AL,162,810,878,0.319,0.431,0.248,0.342,0.464,78,0
2019,TOR,AL,162,726,828,0.305,0.428,0.236,0.337,0.451,67,0
2019,WSN,NL,162,873,724,0.342,0.454,0.265,0.314,0.412,93,1
2018,ARI,NL,162,693,644,0.31,0.397,0.235,0.31,0.388,82,0
2018,ATL,NL,162,759,657,0.324,0.417,0.257,0.314,0.37,90,1
2018,BAL,AL,162,622,892,0.298,0.391,0.239,0.349,0.471,47,0
2018,BOS,AL,162,876,647,0.339,0.453,0.268,0.309,0.39,108,1
2018,CHC,NL,162,761,645,0.333,0.41,0.258,0.323,0.376,95,1
2018,CHW,AL,162,656,848,0.302,0.401,0.241,0.34,0.422,62,0
2018,CIN,NL,162,696,819,0.328,0.401,0.254,0.332,0.45,67,0
2018,CLE,AL,162,818,648,0.332,0.434,0.259,0.3,0.414,91,1
2018,COL,NL,162,780,745,0.322,0.435,0.256,0.319,0.417,91,1
2018,DET,AL,162,630,796,0.3,0.38,0.241,0.323,0.439,64,0
2018,HOU,NL,162,797,534,0.329,0.425,0.255,0.282,0.358,103,1
2018,KCR,AL,162,638,833,0.305,0.392,0.245,0.342,0.446,58,0
2018,LAA,AL,162,721,722,0.313,0.413,0.242,0.322,0.415,80,0
2018,LAD,NL,162,804,610,0.333,0.442,0.25,0.29,0.379,92,1
2018,MIA,NL,162,589,809,0.303,0.357,0.237,0.333,0.424,63,0
2018,MIL,NL,162,754,659,0.323,0.424,0.252,0.309,0.387,96,1
2018,MIN,AL,162,738,775,0.318,0.405,0.25,0.332,0.423,78,0
2018,NYM,NL,162,676,707,0.312,0.389,0.234,0.313,0.398,77,0
2018,NYY,AL,162,851,669,0.329,0.451,0.249,0.304,0.39,100,1
2018,OAK,AL,162,813,674,0.325,0.439,0.252,0.301,0.392,97,1
2018,PHI,NL,162,677,728,0.314,0.393,0.234,0.316,0.407,80,0
2018,PIT,NL,162,692,693,0.317,0.407,0.254,0.319,0.407,82,0
2018,SDP,NL,162,617,767,0.297,0.38,0.235,0.324,0.417,66,0
2018,SEA,AL,162,677,711,0.314,0.408,0.254,0.308,0.418,89,0
2018,SFG,NL,162,603,699,0.3,0.368,0.239,0.318,0.404,73,0
2018,STL,NL,162,759,691,0.321,0.409,0.249,0.324,0.378,88,0
2018,TBR,AL,162,716,646,0.333,0.406,0.258,0.3,0.377,90,0
2018,TEX,AL,162,737,848,0.318,0.404,0.24,0.335,0.464,67,0
2018,TOR,AL,162,709,832,0.312,0.427,0.244,0.335,0.446,73,0
2018,WSN,NL,162,771,682,0.335,0.419,0.254,0.311,0.411,82,0
2017,ARI,NL,162,812,659,0.329,0.445,0.254,0.309,0.398,93,1
2017,ATL,NL,162,732,821,0.326,0.412,0.263,0.339,0.438,72,0
2017,BAL,AL,162,743,841,0.312,0.435,0.26,0.342,0.458,75,0
2017,BOS,AL,162,785,668,0.329,0.407,0.258,0.306,0.406,93,1
2017,CHC,NL,162,822,695,0.338,0.437,0.255,0.315,0.398,92,1
2017,CHW,AL,162,706,820,0.314,0.417,0.256,0.337,0.45,67,0
2017,CIN,NL,162,753,869,0.329,0.433,0.253,0.345,0.465,68,0
2017,CLE,AL,162,818,564,0.339,0.449,0.263,0.294,0.38,102,1
2017,COL,NL,162,824,757,0.338,0.444,0.273,0.332,0.439,87,1
2017,DET,AL,162,735,894,0.324,0.424,0.258,0.348,0.463,64,0
2017,HOU,NL,162,896,700,0.346,0.478,0.282,0.313,0.407,101,1
2017,KCR,AL,162,702,791,0.311,0.42,0.259,0.331,0.434,80,0
2017,LAA,AL,162,710,709,0.315,0.397,0.243,0.314,0.429,80,0
2017,LAD,NL,162,770,580,0.334,0.437,0.249,0.29,0.38,104,1
2017,MIA,NL,162,778,822,0.331,0.431,0.267,0.344,0.432,77,0
2017,MIL,NL,162,732,697,0.322,0.429,0.249,0.326,0.414,86,0
2017,MIN,AL,162,815,788,0.334,0.434,0.26,0.33,0.446,85,1
2017,NYM,NL,162,735,863,0.32,0.434,0.25,0.345,0.448,70,0
2017,NYY,AL,162,858,660,0.339,0.447,0.262,0.298,0.382,91,1
2017,OAK,AL,162,739,826,0.319,0.436,0.246,0.327,0.439,75,0
2017,PHI,NL,162,690,782,0.315,0.409,0.25,0.333,0.447,66,0
2017,PIT,NL,162,668,731,0.318,0.386,0.244,0.33,0.431,75,0
2017,SDP,NL,162,604,816,0.299,0.393,0.234,0.333,0.441,71,0
2017,SEA,AL,162,750,772,0.325,0.424,0.259,0.318,0.435,78,0
2017,SFG,NL,162,639,776,0.309,0.38,0.249,0.331,0.438,64,0
2017,STL,NL,162,761,705,0.334,0.426,0.256,0.32,0.411,83,0
2017,TBR,AL,162,694,704,0.317,0.422,0.245,0.309,0.403,80,0
2017,TEX,AL,162,799,816,0.32,0.43,0.244,0.335,0.434,78,0
2017,TOR,AL,162,693,784,0.312,0.412,0.24,0.326,0.429,76,0
2017,WSN,NL,162,819,672,0.332,0.449,0.266,0.308,0.396,97,1
2016,ARI,NL,162,752,890,0.32,0.432,0.261,0.348,0.454,69,0
2016,ATL,NL,162,649,779,0.321,0.384,0.255,0.328,0.416,68,0
2016,BAL,AL,162,744,715,0.317,0.443,0.256,0.328,0.421,89,1
2016,BOS,AL,162,878,694,0.348,0.461,0.282,0.314,0.397,93,1
2016,CHC,NL,162,808,556,0.343,0.429,0.256,0.285,0.348,103,1
2016,CHW,AL,162,686,715,0.317,0.41,0.257,0.326,0.419,78,0
2016,CIN,NL,162,716,854,0.316,0.408,0.256,0.345,0.456,68,0
2016,CLE,AL,162,777,676,0.329,0.43,0.262,0.304,0.407,94,1
2016,COL,NL,162,845,860,0.336,0.457,0.275,0.345,0.446,75,0
2016,DET,AL,162,750,721,0.331,0.438,0.267,0.32,0.421,86,0
2016,HOU,NL,162,724,701,0.319,0.417,0.247,0.314,0.424,84,0
2016,KCR,AL,162,675,712,0.312,0.4,0.261,0.327,0.423,81,0
2016,LAA,AL,162,717,727,0.322,0.405,0.26,0.334,0.44,74,0
2016,LAD,NL,162,725,638,0.319,0.409,0.249,0.298,0.375,91,1
2016,MIA,NL,162,655,682,0.322,0.394,0.263,0.329,0.394,79,0
2016,MIL,NL,162,671,733,0.322,0.407,0.244,0.333,0.426,73,0
2016,MIN,AL,162,722,889,0.316,0.421,0.251,0.34,0.466,59,0
2016,NYM,NL,162,671,617,0.316,0.417,0.246,0.311,0.395,87,1
2016,NYY,AL,162,680,702,0.314,0.405,0.252,0.31,0.424,84,0
2016,OAK,AL,162,653,761,0.304,0.395,0.246,0.322,0.422,69,0
2016,PHI,NL,162,610,796,0.301,0.385,0.24,0.325,0.448,71,0
2016,PIT,NL,162,729,758,0.332,0.402,0.257,0.336,0.436,78,0
2016,SDP,NL,162,686,770,0.299,0.39,0.235,0.33,0.422,68,0
2016,SEA,AL,162,768,707,0.326,0.43,0.259,0.314,0.425,86,0
2016,SFG,NL,162,715,631,0.329,0.398,0.258,0.303,0.392,87,1
2016,STL,NL,162,779,712,0.325,0.443,0.255,0.32,0.402,86,0
2016,TBR,AL,162,672,713,0.307,0.426,0.243,0.318,0.416,68,0
2016,TEX,AL,162,765,757,0.322,0.433,0.262,0.329,0.424,95,1
2016,TOR,AL,162,759,666,0.33,0.426,0.248,0.305,0.398,89,1
2016,WSN,NL,162,763,612,0.326,0.426,0.256,0.3,0.376,95,1
2015,ARI,NL,162,720,713,0.324,0.414,0.264,0.322,0.423,79,0
2015,ATL,NL,162,573,760,0.314,0.359,0.251,0.339,0.426,67,0
2015,BAL,AL,162,713,693,0.307,0.421,0.25,0.321,0.418,81,0
2015,BOS,AL,162,748,753,0.325,0.415,0.265,0.327,0.424,78,0
2015,CHC,NL,162,689,608,0.321,0.398,0.244,0.29,0.372,97,1
2015,CHW,AL,162,622,701,0.306,0.38,0.25,0.322,0.41,76,0
2015,CIN,NL,162,640,754,0.312,0.394,0.248,0.328,0.42,64,0
2015,CLE,AL,162,669,640,0.325,0.401,0.256,0.297,0.386,81,0
2015,COL,NL,162,737,844,0.315,0.432,0.265,0.353,0.461,68,0
2015,DET,AL,162,689,803,0.328,0.42,0.27,0.33,0.444,74,0
2015,HOU,NL,162,729,618,0.315,0.437,0.25,0.299,0.382,86,1
2015,KCR,AL,162,724,641,0.322,0.412,0.269,0.314,0.396,95,1
2015,LAA,AL,162,661,675,0.307,0.396,0.246,0.313,0.396,85,0
2015,LAD,NL,162,667,595,0.326,0.413,0.25,0.297,0.372,92,1
2015,MIA,NL,162,613,678,0.31,0.384,0.26,0.322,0.396,71,0
2015,MIL,NL,162,655,737,0.307,0.393,0.251,0.329,0.422,68,0
2015,MIN,AL,162,696,700,0.305,0.399,0.247,0.321,0.418,83,0
2015,NYM,NL,162,683,613,0.312,0.4,0.244,0.296,0.377,90,1
2015,NYY,AL,162,764,698,0.323,0.421,0.251,0.316,0.406,87,1
2015,OAK,AL,162,694,729,0.312,0.395,0.251,0.316,0.4,68,0
2015,PHI,NL,162,626,809,0.303,0.382,0.249,0.341,0.445,63,0
2015,PIT,NL,162,697,596,0.323,0.396,0.26,0.311,0.361,98,1
2015,SDP,NL,162,650,731,0.3,0.385,0.243,0.321,0.414,74,0
2015,SEA,AL,162,656,726,0.311,0.411,0.249,0.322,0.412,76,0
2015,SFG,NL,162,696,627,0.326,0.406,0.267,0.305,0.395,84,0
2015,STL,NL,162,647,525,0.321,0.394,0.253,0.31,0.366,100,1
2015,TBR,AL,162,644,642,0.314,0.406,0.252,0.304,0.385,80,0
2015,TEX,AL,162,751,733,0.325,0.413,0.257,0.328,0.419,88,1
2015,TOR,AL,162,891,670,0.34,0.457,0.269,0.304,0.403,93,1
2015,WSN,NL,162,703,635,0.321,0.403,0.251,0.301,0.384,83,0
2014,ARI,NL,162,615,742,0.302,0.376,0.248,0.326,0.414,64,0
2014,ATL,NL,162,573,597,0.305,0.36,0.241,0.312,0.37,79,0
2014,BAL,AL,162,705,593,0.311,0.422,0.256,0.308,0.382,96,1
2014,BOS,AL,162,634,715,0.316,0.369,0.244,0.321,0.409,71,0
2014,CHC,NL,162,614,707,0.3,0.385,0.239,0.318,0.376,73,0
2014,CHW,AL,162,660,758,0.31,0.398,0.253,0.337,0.401,73,0
2014,CIN,NL,162,595,612,0.296,0.365,0.238,0.309,0.383,76,0
2014,CLE,AL,162,669,653,0.317,0.389,0.253,0.312,0.385,85,0
2014,COL,NL,162,755,818,0.327,0.445,0.276,0.342,0.443,66,0
2014,DET,AL,162,757,705,0.331,0.426,0.277,0.321,0.401,90,1
2014,HOU,NL,162,629,723,0.309,0.383,0.242,0.323,0.396,70,0
2014,KCR,AL,162,651,624,0.314,0.376,0.263,0.31,0.377,89,1
2014,LAA,AL,162,773,630,0.322,0.406,0.259,0.305,0.351,98,1
2014,LAD,NL,162,718,617,0.333,0.406,0.265,0.3,0.376,94,1
2014,MIA,NL,162,645,674,0.317,0.378,0.253,0.323,0.39,77,0
2014,MIL,NL,162,650,657,0.311,0.397,0.25,0.307,0.393,82,0
2014,MIN,AL,162,715,777,0.324,0.389,0.254,0.33,0.428,70,0
2014,NYM,NL,162,629,618,0.308,0.364,0.239,0.315,0.382,79,0
2014,NYY,AL,162,633,664,0.307,0.38,0.245,0.305,0.395,84,0
2014,OAK,AL,162,729,572,0.32,0.381,0.244,0.29,0.356,88,1
2014,PHI,NL,162,619,687,0.302,0.363,0.242,0.321,0.387,73,0
2014,PIT,NL,162,682,631,0.33,0.404,0.259,0.318,0.371,88,1
2014,SDP,NL,162,535,577,0.292,0.342,0.226,0.304,0.362,77,0
2014,SEA,AL,162,634,554,0.3,0.376,0.244,0.295,0.356,87,0
2014,SFG,NL,162,665,614,0.311,0.388,0.255,0.297,0.382,88,1
2014,STL,NL,162,619,603,0.32,0.369,0.253,0.308,0.366,90,1
2014,TBR,AL,162,612,625,0.317,0.367,0.247,0.3,0.362,77,0
2014,TEX,AL,162,637,773,0.314,0.375,0.256,0.336,0.428,67,0
2014,TOR,AL,162,723,686,0.323,0.414,0.259,0.318,0.407,83,0
2014,WSN,NL,162,686,555,0.321,0.393,0.253,0.294,0.358,96,1
2013,ARI,NL,162,685,695,0.323,0.391,0.259,0.32,0.411,81,0
2013,ATL,NL,162,688,548,0.321,0.402,0.249,0.301,0.37,96,1
2013,BAL,AL,162,745,709,0.313,0.431,0.26,0.321,0.428,85,0
2013,BOS,AL,162,853,656,0.349,0.446,0.277,0.316,0.393,97,1
2013,CHC,NL,162,602,689,0.3,0.392,0.238,0.318,0.4,66,0
2013,CHW,AL,162,598,723,0.302,0.378,0.249,0.322,0.408,63,0
2013,CIN,NL,162,698,589,0.327,0.391,0.249,0.298,0.384,90,1
2013,CLE,AL,162,745,662,0.327,0.41,0.255,0.322,0.386,92,1
2013,COL,NL,162,706,760,0.323,0.418,0.27,0.34,0.423,74,0
2013,DET,AL,162,796,624,0.346,0.434,0.283,0.308,0.373,93,1
2013,HOU,NL,162,610,848,0.299,0.375,0.24,0.347,0.445,51,0
2013,KCR,AL,162,648,601,0.315,0.379,0.26,0.311,0.387,86,0
2013,LAA,AL,162,733,737,0.329,0.414,0.264,0.328,0.408,78,0
2013,LAD,NL,162,649,582,0.326,0.396,0.264,0.306,0.365,92,1
2013,MIA,NL,162,513,646,0.293,0.335,0.231,0.319,0.384,62,0
2013,MIL,NL,162,640,687,0.311,0.398,0.252,0.317,0.397,74,0
2013,MIN,AL,162,614,788,0.312,0.38,0.242,0.336,0.434,66,0
2013,NYM,NL,162,619,684,0.306,0.366,0.237,0.316,0.393,74,0
2013,NYY,AL,162,650,671,0.307,0.376,0.242,0.318,0.413,85,0
2013,OAK,AL,162,767,625,0.327,0.419,0.254,0.299,0.379,96,1
2013,PHI,NL,162,610,749,0.306,0.384,0.248,0.331,0.415,73,0
2013,PIT,NL,162,634,577,0.313,0.396,0.245,0.309,0.341,94,1
2013,SDP,NL,162,618,700,0.308,0.378,0.245,0.322,0.403,76,0
2013,SEA,AL,162,624,754,0.306,0.39,0.237,0.319,0.417,71,0
2013,SFG,NL,162,629,691,0.32,0.381,0.26,0.32,0.39,76,0
2013,STL,NL,162,783,596,0.332,0.401,0.269,0.311,0.368,97,1
2013,TBR,AL,162,700,646,0.329,0.408,0.257,0.305,0.381,92,1
2013,TEX,AL,162,730,636,0.323,0.412,0.262,0.313,0.387,91,0
2013,TOR,AL,162,712,756,0.318,0.411,0.252,0.324,0.426,74,0
2013,WSN,NL,162,656,626,0.313,0.398,0.251,0.305,0.379,86,0
2012,ARI,NL,162,734,688,0.328,0.418,0.259,0.317,0.415,81,0
2012,ATL,NL,162,700,600,0.32,0.389,0.247,0.306,0.378,94,1
2012,BAL,AL,162,712,705,0.311,0.417,0.247,0.315,0.403,93,1
2012,BOS,AL,162,734,806,0.315,0.415,0.26,0.331,0.428,69,0
2012,CHC,NL,162,613,759,0.302,0.378,0.24,0.335,0.424,61,0
2012,CHW,AL,162,748,676,0.318,0.422,0.255,0.319,0.405,85,0
2012,CIN,NL,162,669,588,0.315,0.411,0.251,0.305,0.39,97,1
2012,CLE,AL,162,667,845,0.324,0.381,0.251,0.336,0.43,68,0
2012,COL,NL,162,758,890,0.33,0.436,0.274,0.357,0.47,64,0
2012,DET,AL,162,726,670,0.335,0.422,0.268,0.314,0.402,88,1
2012,HOU,NL,162,583,794,0.302,0.371,0.236,0.337,0.427,55,0
2012,KCR,AL,162,676,746,0.317,0.4,0.265,0.339,0.423,72,0
2012,LAA,AL,162,767,699,0.332,0.433,0.274,0.31,0.403,89,0
2012,LAD,NL,162,637,597,0.317,0.374,0.252,0.31,0.364,86,0
2012,MIA,NL,162,609,724,0.308,0.382,0.244,0.327,0.399,69,0
2012,MIL,NL,162,776,733,0.325,0.437,0.259,0.326,0.414,83,0
2012,MIN,AL,162,701,832,0.325,0.39,0.26,0.333,0.442,66,0
2012,NYM,NL,162,650,709,0.316,0.386,0.249,0.315,0.401,74,0
2012,NYY,AL,162,804,668,0.337,0.453,0.265,0.311,0.419,95,1
2012,OAK,AL,162,713,614,0.31,0.404,0.238,0.306,0.378,94,1
2012,PHI,NL,162,684,680,0.317,0.4,0.255,0.306,0.407,81,0
2012,PIT,NL,162,651,674,0.304,0.395,0.243,0.314,0.39,79,0
2012,SDP,NL,162,651,710,0.319,0.38,0.247,0.319,0.398,76,0
2012,SEA,AL,162,619,651,0.296,0.369,0.234,0.308,0.394,75,0
2012,SFG,NL,162,718,649,0.327,0.397,0.269,0.313,0.393,94,1
2012,STL,NL,162,765,648,0.338,0.421,0.271,0.313,0.387,88,1
2012,TBR,AL,162,697,577,0.317,0.394,0.24,0.294,0.352,90,0
2012,TEX,AL,162,808,707,0.334,0.446,0.273,0.309,0.408,93,1
2012,TOR,AL,162,716,784,0.309,0.407,0.245,0.335,0.438,73,0
2012,WSN,NL,162,731,594,0.322,0.428,0.261,0.303,0.373,98,1
2011,ARI,NL,162,731,662,0.322,0.413,0.25,0.316,0.409,94,1
2011,ATL,NL,162,641,605,0.308,0.387,0.243,0.31,0.361,89,0
2011,BAL,AL,162,708,860,0.316,0.413,0.257,0.341,0.46,69,0
2011,BOS,AL,162,875,737,0.349,0.461,0.28,0.322,0.392,90,0
2011,CHC,NL,162,654,756,0.314,0.401,0.256,0.335,0.413,71,0
2011,CHW,AL,162,654,706,0.319,0.388,0.252,0.317,0.397,79,0
2011,CIN,NL,162,735,720,0.326,0.408,0.256,0.325,0.415,79,0
2011,CLE,AL,162,704,760,0.317,0.396,0.25,0.323,0.413,80,0
2011,COL,NL,162,735,774,0.329,0.41,0.258,0.331,0.431,73,0
2011,DET,AL,162,787,711,0.34,0.434,0.277,0.321,0.396,95,1
2011,FLA,NL,162,625,702,0.318,0.388,0.247,0.316,0.401,72,0
2011,HOU,NL,162,615,796,0.311,0.374,0.258,0.337,0.432,56,0
2011,KCR,AL,162,730,762,0.329,0.415,0.275,0.337,0.425,71,0
2011,LAA,AL,162,667,633,0.313,0.402,0.253,0.313,0.388,86,0
2011,LAD,NL,161,644,612,0.322,0.375,0.257,0.31,0.371,82,0
2011,MIL,NL,162,721,638,0.325,0.425,0.261,0.304,0.385,96,1
2011,MIN,AL,162,619,804,0.306,0.36,0.247,0.34,0.435,63,0
2011,NYM,NL,162,718,742,0.335,0.391,0.264,0.332,0.411,77,0
2011,NYY,AL,162,867,657,0.343,0.444,0.263,0.322,0.399,97,1
2011,OAK,AL,162,645,679,0.311,0.369,0.244,0.317,0.378,74,0
2011,PHI,NL,162,713,529,0.323,0.395,0.253,0.296,0.361,102,1
2011,PIT,NL,162,610,712,0.309,0.368,0.244,0.338,0.409,72,0
2011,SDP,NL,162,593,611,0.305,0.349,0.237,0.314,0.375,71,0
2011,SEA,AL,162,556,675,0.292,0.348,0.233,0.31,0.386,67,0
2011,SFG,NL,162,570,578,0.303,0.368,0.242,0.309,0.346,86,0
2011,STL,NL,162,762,692,0.341,0.425,0.273,0.319,0.398,90,1
2011,TBR,AL,162,707,614,0.322,0.402,0.244,0.303,0.383,91,1
2011,TEX,AL,162,855,677,0.34,0.46,0.283,0.307,0.392,96,1
2011,TOR,AL,162,743,761,0.317,0.413,0.249,0.328,0.419,81,0
2011,WSN,NL,161,624,643,0.309,0.383,0.242,0.319,0.382,80,0
2010,ARI,NL,162,713,836,0.325,0.416,0.25,0.34,0.448,65,0
2010,ATL,NL,162,738,629,0.339,0.401,0.258,0.314,0.376,91,1
2010,BAL,AL,162,613,785,0.316,0.386,0.259,0.336,0.434,66,0
2010,BOS,AL,162,818,744,0.339,0.451,0.268,0.327,0.399,89,0
2010,CHC,NL,162,685,767,0.32,0.401,0.257,0.334,0.398,75,0
2010,CHW,AL,162,752,704,0.332,0.42,0.268,0.325,0.395,88,0
2010,CIN,NL,162,790,685,0.338,0.436,0.272,0.323,0.396,91,1
2010,CLE,AL,162,646,752,0.322,0.378,0.248,0.342,0.416,69,0
2010,COL,NL,162,770,717,0.336,0.425,0.263,0.326,0.397,83,0
2010,DET,AL,162,751,743,0.335,0.415,0.268,0.332,0.4,81,0
2010,FLA,NL,162,719,717,0.321,0.403,0.254,0.331,0.398,80,0
2010,HOU,NL,162,611,729,0.303,0.362,0.247,0.33,0.402,76,0
2010,KCR,AL,162,676,845,0.331,0.399,0.274,0.342,0.435,67,0
2010,LAA,AL,162,681,702,0.311,0.39,0.248,0.327,0.403,80,0
2010,LAD,NL,162,667,692,0.322,0.379,0.252,0.316,0.378,80,0
2010,MIL,NL,162,750,804,0.335,0.424,0.262,0.338,0.427,77,0
2010,MIN,AL,162,781,671,0.341,0.422,0.273,0.317,0.417,94,1
2010,NYM,NL,162,656,652,0.314,0.383,0.249,0.33,0.394,79,0
2010,NYY,AL,162,859,693,0.35,0.436,0.267,0.322,0.399,95,1
2010,OAK,AL,162,663,626,0.324,0.378,0.256,0.313,0.379,81,0
2010,PHI,NL,162,772,640,0.332,0.413,0.26,0.311,0.405,97,1
2010,PIT,NL,162,587,866,0.304,0.373,0.242,0.348,0.449,57,0
2010,SDP,NL,162,665,581,0.317,0.371,0.246,0.308,0.368,90,0
2010,SEA,AL,162,513,698,0.298,0.339,0.236,0.313,0.401,61,0
2010,SFG,NL,162,697,583,0.321,0.408,0.257,0.313,0.37,92,1
2010,STL,NL,162,736,641,0.332,0.402,0.263,0.319,0.387,86,0
2010,TBR,AL,162,802,649,0.333,0.403,0.247,0.308,0.404,96,1
2010,TEX,AL,162,787,687,0.338,0.419,0.276,0.319,0.39,90,1
2010,TOR,AL,162,755,728,0.312,0.454,0.248,0.326,0.405,85,0
2010,WSN,NL,162,655,742,0.318,0.39,0.25,0.33,0.41,69,0
2009,ARI,NL,162,720,782,0.324,0.418,0.253,0.33,0.419,70,0
2009,ATL,NL,162,735,641,0.339,0.405,0.263,0.323,0.39,86,0
2009,BAL,AL,162,741,876,0.332,0.415,0.268,0.353,0.476,64,0
2009,BOS,AL,162,872,736,0.352,0.454,0.27,0.335,0.422,95,1
2009,CHC,NL,161,707,672,0.332,0.407,0.255,0.324,0.391,83,0
2009,CHW,AL,162,724,732,0.329,0.411,0.258,0.325,0.414,79,0
2009,CIN,NL,162,673,723,0.318,0.394,0.247,0.333,0.418,78,0
2009,CLE,AL,162,773,865,0.339,0.417,0.264,0.351,0.443,65,0
2009,COL,NL,162,804,715,0.343,0.441,0.261,0.328,0.405,92,1
2009,DET,AL,163,743,745,0.331,0.416,0.26,0.336,0.422,86,0
2009,FLA,NL,162,772,766,0.34,0.416,0.268,0.333,0.408,87,0
2009,HOU,NL,162,643,770,0.319,0.4,0.26,0.344,0.44,74,0
2009,KCR,AL,162,686,842,0.318,0.405,0.259,0.343,0.422,65,0
2009,LAA,AL,162,883,761,0.35,0.441,0.285,0.338,0.432,97,1
2009,LAD,NL,162,780,611,0.346,0.412,0.27,0.312,0.361,95,1
2009,MIL,NL,162,785,818,0.341,0.426,0.263,0.345,0.45,80,0
2009,MIN,AL,163,817,765,0.345,0.429,0.274,0.331,0.431,87,1
2009,NYM,NL,162,671,757,0.335,0.394,0.27,0.342,0.418,70,0
2009,NYY,AL,162,915,753,0.362,0.478,0.283,0.327,0.408,103,1
2009,OAK,AL,162,759,761,0.328,0.397,0.262,0.329,0.413,75,0
2009,PHI,NL,162,820,709,0.334,0.447,0.258,0.329,0.427,93,1
2009,PIT,NL,161,636,768,0.318,0.387,0.252,0.346,0.442,62,0
2009,SDP,NL,162,638,769,0.321,0.381,0.242,0.333,0.406,75,0
2009,SEA,AL,162,640,692,0.314,0.402,0.258,0.316,0.394,85,0
2009,SFG,NL,162,657,611,0.309,0.389,0.257,0.314,0.372,88,0
2009,STL,NL,162,730,640,0.332,0.415,0.263,0.319,0.386,91,1
2009,TBR,AL,162,803,754,0.343,0.439,0.263,0.324,0.417,84,0
2009,TEX,AL,162,784,740,0.32,0.445,0.26,0.331,0.416,87,0
2009,TOR,AL,162,798,771,0.333,0.44,0.266,0.339,0.434,75,0
2009,WSN,NL,162,710,874,0.337,0.406,0.258,0.352,0.45,59,0
2008,ARI,NL,162,720,706,0.327,0.415,0.251,0.318,0.398,82,0
2008,ATL,NL,162,753,778,0.345,0.408,0.27,0.336,0.423,72,0
2008,BAL,AL,161,782,869,0.333,0.429,0.267,0.361,0.435,68,0
2008,BOS,AL,162,845,694,0.358,0.447,0.28,0.323,0.39,95,1
2008,CHC,NL,161,855,671,0.354,0.443,0.278,0.316,0.395,97,1
2008,CHW,AL,163,811,729,0.332,0.448,0.263,0.32,0.41,89,1
2008,CIN,NL,162,704,800,0.321,0.408,0.247,0.345,0.45,74,0
2008,CLE,AL,162,805,761,0.339,0.424,0.262,0.33,0.424,81,0
2008,COL,NL,162,747,822,0.336,0.415,0.263,0.344,0.431,74,0
2008,DET,AL,162,821,857,0.34,0.444,0.271,0.353,0.437,74,0
2008,FLA,NL,161,770,767,0.326,0.433,0.254,0.333,0.407,84,0
2008,HOU,NL,161,712,743,0.323,0.415,0.263,0.328,0.44,86,0
2008,KCR,AL,162,691,781,0.32,0.397,0.269,0.328,0.415,75,0
2008,LAA,AL,162,765,697,0.33,0.413,0.268,0.323,0.406,100,1
2008,LAD,NL,162,700,648,0.333,0.399,0.264,0.315,0.376,84,1
2008,MIL,NL,162,750,689,0.325,0.431,0.253,0.323,0.406,90,1
2008,MIN,AL,163,829,745,0.34,0.408,0.279,0.324,0.431,88,0
2008,NYM,NL,162,799,715,0.34,0.42,0.266,0.331,0.397,89,0
2008,NYY,AL,162,789,727,0.342,0.427,0.271,0.329,0.405,89,0
2008,OAK,AL,161,646,690,0.318,0.369,0.242,0.328,0.392,75,0
2008,PHI,NL,162,799,680,0.332,0.438,0.255,0.329,0.41,92,1
2008,PIT,NL,162,735,884,0.32,0.403,0.258,0.362,0.454,67,0
2008,SDP,NL,162,637,764,0.317,0.39,0.25,0.332,0.409,63,0
2008,SEA,AL,162,671,811,0.318,0.389,0.265,0.351,0.433,61,0
2008,SFG,NL,162,640,759,0.321,0.382,0.262,0.341,0.404,72,0
2008,STL,NL,162,779,725,0.35,0.433,0.281,0.332,0.431,86,0
2008,TBR,AL,162,774,671,0.34,0.422,0.26,0.314,0.4,97,1
2008,TEX,AL,162,901,967,0.354,0.462,0.283,0.362,0.455,79,0
2008,TOR,AL,162,714,610,0.331,0.399,0.264,0.309,0.38,86,0
2008,WSN,NL,161,641,825,0.323,0.373,0.251,0.343,0.436,59,0
2007,ARI,NL,162,712,732,0.321,0.413,0.25,0.334,0.42,90,1
2007,ATL,NL,162,810,733,0.339,0.435,0.275,0.327,0.415,84,0
2007,BAL,AL,162,756,868,0.333,0.412,0.272,0.354,0.412,69,0
2007,BOS,AL,162,867,657,0.362,0.444,0.279,0.314,0.392,96,1
2007,CHC,NL,162,752,690,0.333,0.422,0.271,0.322,0.399,85,1
2007,CHW,AL,162,693,839,0.318,0.404,0.246,0.338,0.435,72,0
2007,CIN,NL,162,783,853,0.335,0.436,0.267,0.343,0.456,72,0
2007,CLE,AL,162,811,704,0.343,0.428,0.268,0.322,0.407,96,1
2007,COL,NL,163,860,758,0.354,0.437,0.28,0.33,0.423,90,1
2007,DET,AL,162,887,797,0.345,0.458,0.287,0.338,0.427,88,0
2007,FLA,NL,162,790,891,0.336,0.448,0.267,0.364,0.442,71,0
2007,HOU,NL,162,723,813,0.33,0.412,0.26,0.337,0.454,73,0
2007,KCR,AL,162,706,778,0.322,0.388,0.261,0.339,0.445,69,0
2007,LAA,AL,162,822,731,0.345,0.417,0.284,0.328,0.412,94,1
2007,LAD,NL,162,735,727,0.337,0.406,0.275,0.326,0.399,82,0
2007,MIL,NL,162,801,776,0.329,0.456,0.262,0.333,0.422,83,0
2007,MIN,AL,162,718,725,0.33,0.391,0.264,0.324,0.431,79,0
2007,NYM,NL,162,804,750,0.342,0.432,0.275,0.329,0.409,88,0
2007,NYY,AL,162,968,777,0.366,0.463,0.29,0.34,0.417,94,1
2007,OAK,AL,162,741,758,0.338,0.407,0.256,0.329,0.404,76,0
2007,PHI,NL,162,892,821,0.354,0.458,0.274,0.346,0.451,89,1
2007,PIT,NL,162,724,846,0.325,0.411,0.263,0.352,0.447,68,0
2007,SDP,NL,163,741,666,0.322,0.411,0.251,0.311,0.374,89,0
2007,SEA,AL,162,794,813,0.337,0.425,0.287,0.349,0.431,88,0
2007,SFG,NL,162,683,720,0.322,0.387,0.254,0.334,0.405,71,0
2007,STL,NL,162,725,829,0.337,0.405,0.274,0.336,0.431,78,0
2007,TBD,AL,162,782,944,0.336,0.433,0.268,0.358,0.467,66,0
2007,TEX,AL,162,816,844,0.328,0.426,0.263,0.356,0.423,75,0
2007,TOR,AL,162,753,699,0.327,0.419,0.259,0.315,0.391,83,0
2007,WSN,NL,162,673,783,0.325,0.39,0.256,0.339,0.433,73,0
2006,ARI,NL,162,773,788,0.331,0.424,0.267,0.335,0.431,76,0
2006,ATL,NL,162,849,805,0.337,0.455,0.27,0.343,0.438,79,0
2006,BAL,AL,162,768,899,0.339,0.424,0.277,0.357,0.462,70,0
2006,BOS,AL,162,820,825,0.351,0.435,0.269,0.343,0.447,86,0
2006,CHC,NL,162,716,834,0.319,0.422,0.268,0.342,0.431,66,0
2006,CHW,AL,162,868,794,0.342,0.464,0.28,0.326,0.44,90,0
2006,CIN,NL,162,749,801,0.336,0.432,0.257,0.337,0.457,80,0
2006,CLE,AL,162,870,782,0.349,0.457,0.28,0.335,0.431,78,0
2006,COL,NL,162,813,812,0.341,0.433,0.27,0.346,0.438,76,0
2006,DET,AL,162,822,675,0.329,0.449,0.274,0.321,0.405,95,1
2006,FLA,NL,162,758,772,0.331,0.435,0.264,0.347,0.423,78,0
2006,HOU,NL,162,735,719,0.332,0.409,0.255,0.319,0.421,82,0
2006,KCR,AL,162,757,971,0.332,0.411,0.271,0.367,0.476,62,0
2006,LAA,AL,162,766,732,0.334,0.425,0.274,0.316,0.402,89,0
2006,LAD,NL,162,820,751,0.348,0.432,0.276,0.33,0.418,88,1
2006,MIL,NL,162,730,833,0.327,0.42,0.258,0.333,0.438,75,0
2006,MIN,AL,162,801,683,0.347,0.425,0.287,0.312,0.423,96,1
2006,NYM,NL,162,834,731,0.334,0.445,0.264,0.323,0.407,97,1
2006,NYY,AL,162,930,767,0.363,0.461,0.285,0.326,0.413,97,1
2006,OAK,AL,162,771,727,0.34,0.412,0.26,0.338,0.422,93,1
2006,PHI,NL,162,865,812,0.347,0.447,0.267,0.339,0.46,85,0
2006,PIT,NL,162,691,797,0.327,0.397,0.263,0.357,0.431,67,0
2006,SDP,NL,162,731,679,0.332,0.416,0.263,0.312,0.404,88,1
2006,SEA,AL,162,756,792,0.325,0.424,0.272,0.337,0.432,78,0
2006,SFG,NL,161,746,790,0.324,0.422,0.259,0.337,0.415,76,0
2006,STL,NL,161,781,762,0.337,0.431,0.269,0.337,0.443,83,1
2006,TBD,AL,162,689,856,0.314,0.42,0.255,0.358,0.452,61,0
2006,TEX,AL,162,835,784,0.338,0.446,0.278,0.341,0.424,80,0
2006,TOR,AL,162,809,754,0.348,0.463,0.284,0.328,0.422,87,0
2006,WSN,NL,162,746,872,0.338,0.418,0.262,0.349,0.447,71,0
2005,ARI,NL,162,696,856,0.332,0.421,0.256,0.345,0.455,77,0
2005,ATL,NL,162,769,674,0.333,0.435,0.265,0.333,0.406,90,1
2005,BAL,AL,162,729,800,0.327,0.434,0.269,0.336,0.416,74,0
2005,BOS,AL,162,910,805,0.357,0.454,0.281,0.335,0.441,95,1
2005,CHC,NL,162,703,714,0.324,0.44,0.27,0.325,0.407,79,0
2005,CHW,AL,162,741,645,0.322,0.425,0.262,0.31,0.397,99,1
2005,CIN,NL,163,820,889,0.339,0.446,0.261,0.352,0.483,73,0
2005,CLE,AL,162,790,642,0.334,0.453,0.271,0.302,0.387,93,0
2005,COL,NL,162,740,862,0.333,0.411,0.267,0.362,0.457,67,0
2005,DET,AL,162,723,787,0.321,0.428,0.272,0.33,0.436,71,0
2005,FLA,NL,162,717,732,0.339,0.409,0.272,0.339,0.402,83,0
2005,HOU,NL,163,693,609,0.322,0.408,0.256,0.308,0.389,89,1
2005,KCR,AL,162,701,935,0.32,0.396,0.263,0.362,0.463,56,0
2005,LAA,AL,162,761,643,0.325,0.409,0.27,0.312,0.401,95,1
2005,LAD,NL,162,685,755,0.326,0.395,0.253,0.327,0.429,71,0
2005,MIL,NL,162,726,697,0.331,0.423,0.259,0.324,0.408,81,0
2005,MIN,AL,162,688,662,0.323,0.391,0.259,0.307,0.408,83,0
2005,NYM,NL,162,722,648,0.322,0.416,0.258,0.321,0.387,83,0
2005,NYY,AL,162,886,789,0.355,0.45,0.276,0.332,0.422,95,1
2005,OAK,AL,162,772,658,0.33,0.407,0.262,0.311,0.382,88,0
2005,PHI,NL,162,807,726,0.348,0.423,0.27,0.32,0.426,88,0
2005,PIT,NL,162,680,769,0.322,0.4,0.259,0.344,0.424,67,0
2005,SDP,NL,162,684,726,0.333,0.391,0.257,0.322,0.408,82,1
2005,SEA,AL,162,699,751,0.317,0.391,0.256,0.332,0.422,69,0
2005,SFG,NL,162,649,745,0.319,0.396,0.261,0.336,0.412,75,0
2005,STL,NL,162,805,634,0.339,0.423,0.27,0.318,0.398,100,1
2005,TBD,AL,162,750,936,0.329,0.425,0.274,0.355,0.455,67,0
2005,TEX,AL,162,865,858,0.329,0.468,0.267,0.343,0.428,79,0
2005,TOR,AL,162,775,705,0.331,0.407,0.265,0.324,0.418,80,0
2005,WSN,NL,162,639,673,0.322,0.386,0.252,0.333,0.396,81,0
2004,ANA,AL,162,836,734,0.341,0.429,0.282,0.326,0.415,92,1
2004,ARI,NL,162,615,899,0.31,0.393,0.253,0.35,0.439,51,0
2004,ATL,NL,162,803,668,0.343,0.434,0.27,0.329,0.4,96,1
2004,BAL,AL,162,842,830,0.345,0.432,0.281,0.348,0.404,78,0
2004,BOS,AL,162,949,768,0.36,0.472,0.282,0.318,0.408,98,1
2004,CHC,NL,162,789,665,0.328,0.458,0.268,0.321,0.395,89,0
2004,CHW,AL,162,865,831,0.333,0.457,0.268,0.338,0.453,83,0
2004,CIN,NL,162,750,907,0.331,0.418,0.25,0.348,0.481,76,0
2004,CLE,AL,162,858,857,0.351,0.444,0.276,0.342,0.445,80,0
2004,COL,NL,162,833,923,0.345,0.455,0.275,0.372,0.471,68,0
2004,DET,AL,162,827,844,0.337,0.449,0.272,0.34,0.441,72,0
2004,FLA,NL,162,718,700,0.329,0.406,0.264,0.324,0.412,83,0
2004,HOU,NL,162,803,698,0.342,0.436,0.267,0.328,0.417,92,1
2004,KCR,AL,162,720,905,0.322,0.397,0.259,0.352,0.476,58,0
2004,LAD,NL,162,761,684,0.332,0.423,0.262,0.323,0.408,93,1
2004,MIL,NL,161,634,757,0.321,0.387,0.248,0.32,0.417,67,0
2004,MIN,AL,162,780,715,0.332,0.431,0.266,0.323,0.406,92,1
2004,MON,NL,162,635,769,0.313,0.392,0.249,0.342,0.431,67,0
2004,NYM,NL,162,684,731,0.317,0.409,0.249,0.335,0.405,71,0
2004,NYY,AL,162,897,808,0.353,0.458,0.268,0.328,0.432,101,1
2004,OAK,AL,162,793,742,0.343,0.433,0.27,0.332,0.409,91,0
2004,PHI,NL,162,840,781,0.345,0.443,0.267,0.33,0.448,86,0
2004,PIT,NL,161,680,744,0.321,0.401,0.26,0.342,0.416,72,0
2004,SDP,NL,162,768,705,0.342,0.414,0.273,0.318,0.431,87,0
2004,SEA,AL,162,698,823,0.331,0.396,0.27,0.338,0.441,63,0
2004,SFG,NL,162,850,770,0.357,0.438,0.27,0.332,0.423,91,0
2004,STL,NL,162,855,659,0.344,0.46,0.278,0.313,0.403,105,1
2004,TBD,AL,161,714,842,0.32,0.405,0.258,0.342,0.438,70,0
2004,TEX,AL,162,860,794,0.329,0.457,0.266,0.344,0.432,89,0
2004,TOR,AL,161,719,823,0.328,0.403,0.26,0.348,0.434,67,0
2003,ANA,AL,162,736,743,0.33,0.413,0.268,0.327,0.421,77,0
2003,ARI,NL,162,717,685,0.33,0.417,0.263,0.322,0.388,84,0
2003,ATL,NL,162,907,740,0.349,0.475,0.284,0.327,0.401,101,1
2003,BAL,AL,163,743,820,0.323,0.405,0.268,0.346,0.446,71,0
2003,BOS,AL,162,961,809,0.36,0.491,0.289,0.327,0.415,95,1
2003,CHC,NL,162,724,683,0.323,0.416,0.259,0.324,0.372,88,1
2003,CHW,AL,162,791,715,0.331,0.446,0.263,0.322,0.404,86,0
2003,CIN,NL,162,694,886,0.318,0.395,0.245,0.349,0.463,69,0
2003,CLE,AL,162,699,778,0.316,0.401,0.254,0.329,0.426,68,0
2003,COL,NL,162,853,892,0.344,0.445,0.267,0.359,0.47,74,0
2003,DET,AL,162,591,928,0.3,0.375,0.24,0.352,0.461,43,0
2003,FLA,NL,162,751,692,0.333,0.421,0.266,0.325,0.396,91,1
2003,HOU,NL,162,805,677,0.336,0.431,0.263,0.326,0.397,87,0
2003,KCR,AL,162,836,867,0.336,0.427,0.274,0.348,0.45,83,0
2003,LAD,NL,162,574,556,0.303,0.368,0.243,0.306,0.354,85,0
2003,MIL,NL,162,714,873,0.329,0.419,0.256,0.348,0.462,68,0
2003,MIN,AL,162,801,758,0.341,0.431,0.277,0.319,0.428,90,1
2003,MON,NL,162,711,716,0.326,0.401,0.258,0.327,0.423,83,0
2003,NYM,NL,161,642,754,0.314,0.374,0.247,0.345,0.438,66,0
2003,NYY,AL,163,877,716,0.356,0.453,0.271,0.314,0.407,101,1
2003,OAK,AL,162,768,643,0.327,0.417,0.254,0.314,0.376,96,1
2003,PHI,NL,162,791,697,0.343,0.419,0.261,0.327,0.401,86,0
2003,PIT,NL,162,753,801,0.338,0.42,0.267,0.336,0.431,75,0
2003,SDP,NL,162,678,831,0.333,0.388,0.261,0.341,0.437,64,0
2003,SEA,AL,162,795,637,0.344,0.41,0.271,0.311,0.388,93,0
2003,SFG,NL,161,755,638,0.338,0.425,0.264,0.321,0.386,100,1
2003,STL,NL,162,876,796,0.35,0.454,0.279,0.336,0.452,85,0
2003,TBD,AL,162,715,852,0.32,0.404,0.265,0.347,0.44,63,0
2003,TEX,AL,162,826,969,0.33,0.454,0.266,0.36,0.473,71,0
2003,TOR,AL,162,894,826,0.349,0.455,0.279,0.337,0.441,86,0
2002,ANA,AL,162,851,644,0.341,0.433,0.282,0.314,0.392,99,1
2002,ARI,NL,162,819,674,0.346,0.423,0.267,0.305,0.397,98,1
2002,ATL,NL,161,708,565,0.331,0.409,0.26,0.313,0.364,101,1
2002,BAL,AL,162,667,773,0.309,0.403,0.246,0.336,0.435,67,0
2002,BOS,AL,162,859,665,0.345,0.444,0.277,0.308,0.385,93,0
2002,CHC,NL,162,706,759,0.321,0.413,0.246,0.331,0.407,67,0
2002,CHW,AL,162,856,798,0.338,0.449,0.268,0.33,0.423,81,0
2002,CIN,NL,162,709,774,0.33,0.408,0.253,0.338,0.426,78,0
2002,CLE,AL,162,739,837,0.321,0.412,0.249,0.348,0.423,74,0
2002,COL,NL,162,778,898,0.337,0.423,0.274,0.349,0.466,73,0
2002,DET,AL,161,575,864,0.3,0.379,0.248,0.343,0.455,55,0
2002,FLA,NL,162,699,763,0.337,0.403,0.261,0.341,0.415,79,0
2002,HOU,NL,162,749,695,0.338,0.417,0.262,0.33,0.41,84,0
2002,KCR,AL,162,737,891,0.323,0.398,0.256,0.349,0.464,62,0
2002,LAD,NL,162,713,643,0.32,0.409,0.264,0.315,0.387,92,0
2002,MIL,NL,162,627,821,0.32,0.39,0.253,0.352,0.442,56,0
2002,MIN,AL,161,768,712,0.332,0.437,0.272,0.318,0.421,94,1
2002,MON,NL,162,735,718,0.334,0.418,0.261,0.329,0.421,83,0
2002,NYM,NL,161,690,703,0.322,0.395,0.256,0.327,0.403,75,0
2002,NYY,AL,161,897,697,0.354,0.455,0.275,0.309,0.395,103,1
2002,OAK,AL,162,800,654,0.339,0.432,0.261,0.315,0.384,103,1
2002,PHI,NL,161,710,724,0.339,0.422,0.259,0.328,0.401,80,0
2002,PIT,NL,161,641,730,0.319,0.381,0.244,0.342,0.423,72,0
2002,SDP,NL,162,662,815,0.321,0.381,0.253,0.346,0.442,66,0
2002,SEA,AL,162,814,699,0.35,0.419,0.275,0.315,0.41,93,0
2002,SFG,NL,162,783,616,0.344,0.442,0.267,0.319,0.372,95,1
2002,STL,NL,162,787,648,0.338,0.425,0.268,0.323,0.386,97,1
2002,TBD,AL,161,673,918,0.314,0.39,0.253,0.357,0.463,55,0
2002,TEX,AL,162,843,882,0.338,0.455,0.269,0.355,0.451,72,0
2002,TOR,AL,162,813,828,0.327,0.43,0.261,0.344,0.431,78,0
2001,ANA,AL,162,691,730,0.327,0.405,0.261,0.331,0.412,75,0
2001,ARI,NL,162,818,677,0.341,0.442,0.267,0.311,0.404,92,1
2001,ATL,NL,162,729,643,0.324,0.412,0.26,0.314,0.384,88,1
2001,BAL,AL,162,687,829,0.319,0.38,0.248,0.337,0.439,63,0
2001,BOS,AL,161,772,745,0.334,0.439,0.266,0.329,0.393,82,0
2001,CHC,NL,162,777,701,0.336,0.43,0.261,0.321,0.398,88,0
2001,CHW,AL,162,798,795,0.334,0.451,0.268,0.334,0.427,83,0
2001,CIN,NL,162,735,850,0.324,0.419,0.262,0.341,0.455,66,0
2001,CLE,AL,162,897,821,0.35,0.458,0.278,0.341,0.417,91,1
2001,COL,NL,162,923,906,0.354,0.483,0.292,0.35,0.48,73,0
2001,DET,AL,162,724,876,0.32,0.409,0.26,0.357,0.461,66,0
2001,FLA,NL,162,742,744,0.326,0.423,0.264,0.338,0.411,76,0
2001,HOU,NL,162,847,769,0.347,0.451,0.271,0.325,0.437,93,1
2001,KCR,AL,162,729,858,0.318,0.409,0.266,0.348,0.45,65,0
2001,LAD,NL,162,758,744,0.323,0.425,0.255,0.323,0.411,86,0
2001,MIL,NL,162,740,806,0.319,0.426,0.251,0.35,0.44,68,0
2001,MIN,AL,162,771,766,0.337,0.433,0.272,0.325,0.437,85,0
2001,MON,NL,162,670,812,0.319,0.396,0.253,0.339,0.441,68,0
2001,NYM,NL,162,642,713,0.323,0.387,0.249,0.314,0.419,82,0
2001,NYY,AL,161,804,713,0.334,0.435,0.267,0.318,0.398,95,1
2001,OAK,AL,162,884,645,0.345,0.439,0.264,0.308,0.38,102,1
2001,PHI,NL,162,746,719,0.329,0.414,0.26,0.329,0.424,86,0
2001,PIT,NL,162,657,858,0.313,0.393,0.247,0.344,0.433,62,0
2001,SDP,NL,162,789,812,0.336,0.399,0.252,0.33,0.45,79,0
2001,SEA,AL,162,927,627,0.36,0.445,0.288,0.301,0.378,116,1
2001,SFG,NL,162,799,748,0.342,0.46,0.266,0.329,0.404,90,0
2001,STL,NL,162,814,684,0.339,0.441,0.27,0.328,0.428,93,1
2001,TBD,AL,162,672,887,0.32,0.388,0.258,0.345,0.452,62,0
2001,TEX,AL,162,890,968,0.344,0.471,0.275,0.362,0.494,73,0
2001,TOR,AL,162,767,753,0.325,0.43,0.263,0.339,0.435,80,0
2000,ANA,AL,162,864,869,0.352,0.472,0.28,0.351,0.453,82,0
2000,ARI,NL,162,792,754,0.333,0.429,0.265,0.326,0.424,85,0
2000,ATL,NL,162,810,714,0.346,0.429,0.271,0.319,0.402,95,1
2000,BAL,AL,162,794,913,0.341,0.435,0.272,0.352,0.449,74,0
2000,BOS,AL,162,792,745,0.341,0.423,0.267,0.322,0.411,85,0
2000,CHC,NL,162,764,904,0.335,0.411,0.256,0.348,0.452,65,0
2000,CHW,AL,162,978,839,0.356,0.47,0.286,0.346,0.434,95,1
2000,CIN,NL,163,825,765,0.343,0.447,0.274,0.341,0.438,85,0
2000,CLE,AL,162,950,816,0.367,0.47,0.288,0.35,0.425,90,0
2000,COL,NL,162,968,897,0.362,0.455,0.294,0.354,0.471,82,0
2000,DET,AL,162,823,827,0.343,0.438,0.275,0.34,0.443,79,0
2000,FLA,NL,161,731,797,0.331,0.409,0.262,0.348,0.429,79,0
2000,HOU,NL,162,938,944,0.361,0.477,0.278,0.353,0.476,72,0
2000,KCR,AL,162,879,930,0.348,0.425,0.288,0.362,0.474,77,0
2000,LAD,NL,162,798,729,0.341,0.431,0.257,0.332,0.407,86,0
2000,MIL,NL,163,740,826,0.325,0.403,0.246,0.357,0.42,73,0
2000,MIN,AL,162,748,880,0.337,0.407,0.27,0.347,0.466,69,0
2000,MON,NL,162,738,902,0.326,0.432,0.266,0.353,0.449,67,0
2000,NYM,NL,162,807,738,0.346,0.43,0.263,0.327,0.403,94,1
2000,NYY,AL,161,871,814,0.354,0.45,0.277,0.336,0.422,87,1
2000,OAK,AL,161,947,813,0.36,0.458,0.27,0.348,0.423,91,1
2000,PHI,NL,162,708,830,0.329,0.4,0.251,0.343,0.448,65,0
2000,PIT,NL,162,793,888,0.339,0.424,0.267,0.361,0.432,69,0
2000,SDP,NL,162,752,815,0.33,0.402,0.254,0.34,0.416,76,0
2000,SEA,AL,162,907,780,0.361,0.442,0.269,0.339,0.416,91,1
2000,SFG,NL,162,925,747,0.362,0.472,0.278,0.342,0.412,97,1
2000,STL,NL,162,887,771,0.356,0.455,0.27,0.338,0.434,95,1
2000,TBD,AL,161,733,842,0.329,0.399,0.257,0.345,0.451,69,0
2000,TEX,AL,162,848,974,0.352,0.446,0.283,0.369,0.475,71,0
2000,TOR,AL,162,861,908,0.341,0.469,0.275,0.354,0.456,83,0
1999,ANA,AL,162,711,826,0.322,0.395,0.256,0.346,0.427,70,0
1999,ARI,NL,162,908,676,0.347,0.459,0.277,0.32,0.402,100,1
1999,ATL,NL,162,840,661,0.341,0.436,0.266,0.314,0.377,103,1
1999,BAL,AL,162,851,815,0.353,0.447,0.279,0.35,0.441,78,0
1999,BOS,AL,162,836,718,0.35,0.448,0.278,0.315,0.398,94,1
1999,CHC,NL,162,747,920,0.329,0.42,0.257,0.346,0.467,67,0
1999,CHW,AL,162,777,870,0.337,0.429,0.277,0.353,0.447,75,0
1999,CIN,NL,163,865,711,0.341,0.451,0.272,0.324,0.411,96,0
1999,CLE,AL,162,1009,860,0.373,0.467,0.289,0.347,0.439,97,1
1999,COL,NL,162,906,1028,0.348,0.472,0.288,0.384,0.499,72,0
1999,DET,AL,161,747,882,0.326,0.443,0.261,0.349,0.451,69,0
1999,FLA,NL,162,691,852,0.325,0.395,0.263,0.359,0.44,64,0
1999,HOU,NL,162,823,675,0.355,0.42,0.267,0.326,0.397,97,1
1999,KCR,AL,161,856,921,0.348,0.433,0.282,0.365,0.454,64,0
1999,LAD,NL,162,793,787,0.339,0.42,0.266,0.336,0.422,77,0
1999,MIL,NL,161,815,886,0.353,0.426,0.273,0.356,0.457,74,0
1999,MIN,AL,161,686,845,0.328,0.384,0.264,0.342,0.465,63,0
1999,MON,NL,162,718,853,0.323,0.427,0.265,0.342,0.418,68,0
1999,NYM,NL,163,853,711,0.363,0.434,0.279,0.331,0.418,97,1
1999,NYY,AL,162,900,731,0.366,0.453,0.282,0.329,0.4,98,1
1999,OAK,AL,162,893,846,0.355,0.446,0.259,0.344,0.428,87,0
1999,PHI,NL,162,841,846,0.351,0.431,0.275,0.347,0.447,77,0
1999,PIT,NL,161,775,782,0.334,0.419,0.259,0.343,0.42,78,0
1999,SDP,NL,162,710,781,0.332,0.393,0.252,0.333,0.43,74,0
1999,SEA,AL,162,859,905,0.343,0.455,0.269,0.368,0.454,79,0
1999,SFG,NL,162,872,831,0.356,0.434,0.271,0.345,0.423,86,0
1999,STL,NL,161,809,838,0.338,0.426,0.262,0.355,0.427,75,0
1999,TBD,AL,162,772,913,0.343,0.411,0.274,0.371,0.448,69,0
1999,TEX,AL,162,945,859,0.361,0.479,0.293,0.346,0.459,95,1
1999,TOR,AL,162,883,862,0.352,0.457,0.28,0.353,0.456,84,0
1998,ANA,AL,162,787,783,0.335,0.415,0.272,0.344,0.423,85,0
1998,ARI,NL,162,665,812,0.314,0.393,0.246,0.328,0.428,65,0
1998,ATL,NL,162,826,581,0.342,0.453,0.272,0.303,0.353,106,1
1998,BAL,AL,162,817,785,0.347,0.447,0.273,0.338,0.423,79,0
1998,BOS,AL,162,876,729,0.348,0.463,0.28,0.321,0.402,92,1
1998,CHC,NL,163,831,792,0.337,0.433,0.264,0.336,0.424,90,1
1998,CHW,AL,163,861,931,0.339,0.444,0.271,0.348,0.453,80,0
1998,CIN,NL,162,750,760,0.337,0.402,0.262,0.33,0.417,77,0
1998,CLE,AL,162,850,779,0.347,0.448,0.272,0.344,0.428,89,1
1998,COL,NL,162,826,855,0.347,0.461,0.291,0.355,0.448,77,0
1998,DET,AL,162,722,863,0.323,0.415,0.264,0.348,0.44,65,0
1998,FLA,NL,162,667,923,0.317,0.373,0.248,0.37,0.454,54,0
1998,HOU,NL,162,874,620,0.356,0.436,0.28,0.315,0.394,102,1
1998,KCR,AL,161,714,899,0.324,0.399,0.263,0.35,0.445,72,0
1998,LAD,NL,162,669,678,0.31,0.387,0.252,0.324,0.376,83,0
1998,MIL,NL,162,707,812,0.33,0.396,0.26,0.344,0.444,74,0
1998,MIN,AL,162,734,818,0.328,0.389,0.266,0.338,0.448,70,0
1998,MON,NL,162,644,783,0.31,0.394,0.249,0.333,0.408,65,0
1998,NYM,NL,162,706,645,0.33,0.394,0.259,0.325,0.401,88,0
1998,NYY,AL,162,965,656,0.364,0.46,0.288,0.312,0.387,114,1
1998,OAK,AL,162,804,866,0.338,0.397,0.257,0.342,0.441,74,0
1998,PHI,NL,162,713,808,0.326,0.395,0.264,0.331,0.432,75,0
1998,PIT,NL,163,650,718,0.311,0.374,0.254,0.324,0.4,69,0
1998,SDP,NL,162,749,635,0.33,0.409,0.253,0.318,0.381,98,1
1998,SEA,AL,161,859,855,0.345,0.468,0.276,0.33,0.412,76,0
1998,SFG,NL,163,845,739,0.353,0.421,0.274,0.34,0.451,89,0
1998,STL,NL,163,810,782,0.341,0.441,0.258,0.338,0.407,83,0
1998,TBD,AL,162,620,751,0.321,0.385,0.261,0.345,0.412,63,0
1998,TEX,AL,162,940,871,0.357,0.462,0.289,0.346,0.446,88,1
1998,TOR,AL,163,816,768,0.34,0.448,0.266,0.329,0.417,88,0
1997,ANA,AL,162,829,794,0.346,0.416,0.272,0.343,0.437,84,0
1997,ATL,NL,162,791,581,0.343,0.426,0.27,0.301,0.354,101,1
1997,BAL,AL,162,812,681,0.341,0.429,0.268,0.323,0.401,98,1
1997,BOS,AL,162,851,857,0.352,0.463,0.291,0.351,0.424,78,0
1997,CHC,NL,162,687,759,0.321,0.396,0.263,0.339,0.435,68,0
1997,CHW,AL,161,779,833,0.341,0.417,0.273,0.34,0.43,80,0
1997,CIN,NL,162,651,764,0.321,0.389,0.253,0.33,0.417,76,0
1997,CLE,AL,161,868,815,0.358,0.467,0.286,0.347,0.434,86,1
1997,COL,NL,162,923,908,0.357,0.478,0.288,0.367,0.479,83,0
1997,DET,AL,162,784,790,0.332,0.415,0.258,0.334,0.424,79,0
1997,FLA,NL,162,740,669,0.346,0.395,0.259,0.334,0.384,92,1
1997,HOU,NL,162,777,660,0.344,0.403,0.259,0.319,0.38,84,1
1997,KCR,AL,161,747,820,0.333,0.407,0.264,0.34,0.43,67,0
1997,LAD,NL,162,742,645,0.33,0.418,0.268,0.313,0.389,88,0
1997,MIL,AL,161,681,742,0.325,0.398,0.26,0.333,0.418,78,0
1997,MIN,AL,162,772,861,0.333,0.409,0.27,0.342,0.454,68,0
1997,MON,NL,162,691,740,0.316,0.425,0.258,0.325,0.393,78,0
1997,NYM,NL,162,777,709,0.332,0.405,0.262,0.326,0.411,88,0
1997,NYY,AL,162,891,688,0.362,0.436,0.287,0.327,0.394,96,1
1997,OAK,AL,162,764,946,0.339,0.423,0.26,0.372,0.476,65,0
1997,PHI,NL,162,668,840,0.322,0.385,0.255,0.342,0.437,68,0
1997,PIT,NL,162,725,760,0.329,0.404,0.262,0.343,0.415,79,0
1997,SDP,NL,162,795,891,0.342,0.407,0.271,0.352,0.435,76,0
1997,SEA,AL,162,925,833,0.355,0.485,0.28,0.342,0.433,90,1
1997,SFG,NL,162,784,793,0.337,0.414,0.258,0.34,0.412,90,1
1997,STL,NL,162,689,708,0.324,0.396,0.255,0.329,0.38,73,0
1997,TEX,AL,162,807,823,0.334,0.438,0.274,0.347,0.439,77,0
1997,TOR,AL,162,654,694,0.31,0.389,0.244,0.326,0.413,76,0
1996,ATL,NL,162,773,648,0.333,0.432,0.27,0.304,0.37,96,1
1996,BAL,AL,163,949,903,0.35,0.472,0.274,0.349,0.449,88,1
1996,BOS,AL,162,928,921,0.359,0.457,0.283,0.36,0.436,85,0
1996,CAL,AL,161,762,943,0.339,0.431,0.276,0.357,0.449,70,0
1996,CHC,NL,162,772,771,0.32,0.401,0.251,0.33,0.423,76,0
1996,CHW,AL,162,898,794,0.36,0.447,0.281,0.343,0.424,85,0
1996,CIN,NL,162,778,773,0.331,0.422,0.256,0.336,0.42,81,0
1996,CLE,AL,161,952,769,0.369,0.475,0.293,0.331,0.429,99,1
1996,COL,NL,162,961,964,0.355,0.472,0.287,0.362,0.464,83,0
1996,DET,AL,162,783,1103,0.323,0.42,0.256,0.384,0.491,53,0
1996,FLA,NL,162,688,703,0.329,0.393,0.257,0.334,0.376,80,0
1996,HOU,NL,162,753,792,0.336,0.397,0.262,0.342,0.42,82,0
1996,KCR,AL,161,746,786,0.332,0.398,0.267,0.335,0.438,75,0
1996,LAD,NL,162,703,652,0.316,0.384,0.252,0.317,0.366,90,1
1996,MIL,AL,162,894,899,0.353,0.441,0.279,0.354,0.459,80,0
1996,MIN,AL,162,877,900,0.357,0.425,0.288,0.346,0.471,78,0
1996,MON,NL,162,741,668,0.327,0.406,0.262,0.313,0.384,88,0
1996,NYM,NL,162,746,779,0.324,0.412,0.27,0.337,0.411,71,0
1996,NYY,AL,162,871,787,0.36,0.436,0.288,0.341,0.404,92,1
1996,OAK,AL,162,861,900,0.344,0.452,0.265,0.362,0.463,78,0
1996,PHI,NL,162,650,790,0.325,0.387,0.256,0.331,0.422,67,0
1996,PIT,NL,162,776,833,0.329,0.407,0.266,0.339,0.443,73,0
1996,SDP,NL,162,771,682,0.338,0.402,0.265,0.313,0.375,91,1
1996,SEA,AL,161,993,895,0.366,0.484,0.287,0.353,0.459,85,0
1996,SFG,NL,162,752,862,0.331,0.388,0.253,0.345,0.441,68,0
1996,STL,NL,162,759,706,0.33,0.407,0.267,0.319,0.397,88,1
1996,TEX,AL,163,928,799,0.358,0.469,0.284,0.347,0.43,90,1
1996,TOR,AL,162,766,809,0.331,0.42,0.259,0.34,0.427,74,0
1993,ATL,NL,162,767,559,0.331,0.408,0.262,0.303,0.349,104,1
1993,BAL,AL,162,786,745,0.346,0.413,0.267,0.333,0.407,85,0
1993,BOS,AL,162,686,698,0.33,0.395,0.264,0.322,0.384,80,0
1993,CAL,AL,162,684,770,0.331,0.38,0.26,0.339,0.408,71,0
1993,CHC,NL,163,738,739,0.325,0.414,0.27,0.332,0.421,84,0
1993,CHW,AL,162,776,664,0.338,0.411,0.265,0.328,0.372,94,1
1993,CIN,NL,162,722,785,0.324,0.396,0.264,0.336,0.42,73,0
1993,CLE,AL,162,790,813,0.335,0.409,0.275,0.351,0.434,76,0
1993,COL,NL,162,758,967,0.323,0.422,0.273,0.362,0.458,67,0
1993,DET,AL,162,899,837,0.362,0.434,0.275,0.342,0.436,85,0
1993,FLA,NL,162,581,724,0.314,0.346,0.248,0.334,0.395,64,0
1993,HOU,NL,162,716,630,0.33,0.409,0.267,0.313,0.366,85,0
1993,KCR,AL,162,675,694,0.32,0.397,0.263,0.327,0.376,84,0
1993,LAD,NL,162,675,662,0.321,0.383,0.261,0.324,0.361,81,0
1993,MIL,AL,162,733,792,0.328,0.378,0.258,0.336,0.422,69,0
1993,MIN,AL,162,693,830,0.327,0.385,0.264,0.344,0.438,71,0
1993,MON,NL,163,732,682,0.326,0.386,0.257,0.317,0.377,94,0
1993,NYM,NL,162,672,744,0.305,0.39,0.248,0.324,0.404,59,0
1993,NYY,AL,162,821,761,0.353,0.435,0.279,0.333,0.416,88,0
1993,OAK,AL,162,715,846,0.33,0.394,0.254,0.356,0.422,68,0
1993,PHI,NL,162,877,740,0.351,0.426,0.274,0.322,0.378,97,1
1993,PIT,NL,162,707,806,0.335,0.393,0.267,0.339,0.437,75,0
1993,SDP,NL,162,679,772,0.312,0.389,0.252,0.334,0.404,61,0
1993,SEA,AL,162,734,731,0.339,0.406,0.26,0.337,0.395,82,0
1993,SFG,NL,162,808,636,0.34,0.427,0.276,0.313,0.387,103,0
1993,STL,NL,162,758,744,0.341,0.395,0.272,0.324,0.422,87,0
1993,TEX,AL,162,835,751,0.329,0.431,0.267,0.337,0.405,86,0
1993,TOR,AL,162,847,742,0.35,0.436,0.279,0.336,0.388,95,1
1992,ATL,NL,162,682,569,0.316,0.388,0.254,0.305,0.345,98,1
1992,BAL,AL,162,705,656,0.34,0.398,0.259,0.322,0.38,89,0
1992,BOS,AL,162,599,669,0.321,0.347,0.246,0.323,0.371,73,0
1992,CAL,AL,162,579,671,0.301,0.338,0.243,0.331,0.382,72,0
1992,CHC,NL,162,593,624,0.307,0.364,0.254,0.32,0.366,78,0
1992,CHW,AL,162,738,690,0.336,0.383,0.261,0.323,0.371,86,0
1992,CIN,NL,162,660,609,0.328,0.382,0.26,0.312,0.375,90,0
1992,CLE,AL,162,674,746,0.323,0.383,0.266,0.336,0.407,76,0
1992,DET,AL,162,791,794,0.337,0.407,0.256,0.343,0.416,75,0
1992,HOU,NL,162,608,668,0.313,0.359,0.246,0.32,0.378,81,0
1992,KCR,AL,162,610,667,0.315,0.364,0.256,0.323,0.375,72,0
1992,LAD,NL,162,548,636,0.313,0.339,0.248,0.326,0.355,63,0
1992,MIL,AL,162,740,604,0.33,0.375,0.268,0.305,0.371,92,0
1992,MIN,AL,162,747,653,0.341,0.391,0.277,0.316,0.382,90,0
1992,MON,NL,162,648,581,0.313,0.37,0.252,0.309,0.343,87,0
1992,NYM,NL,162,599,653,0.31,0.342,0.235,0.318,0.379,72,0
1992,NYY,AL,162,733,746,0.328,0.406,0.261,0.338,0.394,76,0
1992,OAK,AL,162,745,672,0.346,0.386,0.258,0.332,0.382,96,1
1992,PHI,NL,162,686,717,0.32,0.377,0.253,0.326,0.384,70,0
1992,PIT,NL,162,693,595,0.324,0.381,0.255,0.312,0.369,96,1
1992,SDP,NL,162,617,636,0.313,0.386,0.255,0.315,0.371,82,0
1992,SEA,AL,162,679,799,0.323,0.402,0.263,0.348,0.4,64,0
1992,SFG,NL,162,574,647,0.302,0.355,0.244,0.318,0.382,72,0
1992,STL,NL,162,631,604,0.323,0.375,0.262,0.303,0.372,83,0
1992,TEX,AL,162,682,753,0.321,0.393,0.25,0.337,0.387,77,0
1992,TOR,AL,162,780,682,0.333,0.414,0.263,0.318,0.371,96,1
1991,ATL,NL,162,749,644,0.328,0.393,0.258,0.303,0.364,94,1
1991,BAL,AL,162,686,796,0.319,0.401,0.254,0.333,0.412,67,0
1991,BOS,AL,162,731,712,0.34,0.401,0.269,0.323,0.402,84,0
1991,CAL,AL,162,653,649,0.314,0.374,0.255,0.321,0.383,81,0
1991,CHC,NL,160,695,734,0.309,0.39,0.253,0.324,0.384,77,0
1991,CHW,AL,162,758,681,0.336,0.391,0.262,0.315,0.374,87,0
1991,CIN,NL,162,689,691,0.32,0.403,0.258,0.323,0.379,74,0
1991,CLE,AL,162,576,759,0.313,0.35,0.254,0.329,0.398,57,0
1991,DET,AL,162,817,794,0.333,0.416,0.247,0.348,0.422,84,0
1991,HOU,NL,162,605,717,0.309,0.347,0.244,0.328,0.374,65,0
1991,KCR,AL,162,727,722,0.328,0.394,0.264,0.327,0.38,82,0
1991,LAD,NL,162,665,565,0.326,0.359,0.253,0.306,0.341,93,0
1991,MIL,AL,162,799,744,0.336,0.396,0.271,0.332,0.398,83,0
1991,MIN,AL,162,776,652,0.344,0.42,0.28,0.317,0.392,95,1
1991,MON,NL,161,579,655,0.308,0.357,0.246,0.32,0.368,71,0
1991,NYM,NL,161,640,646,0.317,0.365,0.244,0.309,0.374,77,0
1991,NYY,AL,162,674,777,0.316,0.387,0.256,0.334,0.421,71,0
1991,OAK,AL,162,760,776,0.331,0.389,0.248,0.342,0.405,84,0
1991,PHI,NL,162,629,680,0.303,0.358,0.241,0.329,0.367,78,0
1991,PIT,NL,162,768,632,0.338,0.398,0.263,0.308,0.373,98,1
1991,SDP,NL,162,636,646,0.31,0.362,0.244,0.308,0.375,84,0
1991,SEA,AL,162,702,674,0.328,0.383,0.255,0.332,0.386,83,0
1991,SFG,NL,162,649,697,0.309,0.381,0.246,0.326,0.39,75,0
1991,STL,NL,162,651,648,0.322,0.357,0.255,0.315,0.381,84,0
1991,TEX,AL,162,829,814,0.341,0.424,0.27,0.341,0.402,85,0
1991,TOR,AL,162,684,622,0.322,0.4,0.257,0.307,0.352,91,1
1990,ATL,NL,162,682,821,0.311,0.396,0.25,0.343,0.403,65,0
1990,BAL,AL,161,669,698,0.33,0.37,0.245,0.328,0.409,76,0
1990,BOS,AL,162,699,664,0.344,0.395,0.272,0.327,0.37,88,1
1990,CAL,AL,162,690,706,0.329,0.391,0.26,0.334,0.379,80,0
1990,CHC,NL,162,690,774,0.314,0.392,0.263,0.34,0.402,77,0
1990,CHW,AL,162,682,633,0.32,0.379,0.258,0.316,0.358,94,0
1990,CIN,NL,162,693,597,0.325,0.399,0.265,0.316,0.369,91,1
1990,CLE,AL,162,732,737,0.324,0.391,0.267,0.334,0.417,77,0
1990,DET,AL,162,750,754,0.337,0.409,0.259,0.341,0.403,79,0
1990,HOU,NL,162,573,656,0.313,0.345,0.242,0.318,0.382,75,0
1990,KCR,AL,161,707,709,0.328,0.395,0.267,0.335,0.386,75,0
1990,LAD,NL,162,728,685,0.328,0.382,0.262,0.31,0.378,86,0
1990,MIL,AL,162,732,760,0.32,0.384,0.256,0.331,0.399,74,0
1990,MIN,AL,162,666,729,0.324,0.385,0.265,0.332,0.408,74,0
1990,MON,NL,162,662,598,0.322,0.37,0.25,0.311,0.366,85,0
1990,NYM,NL,162,775,613,0.323,0.408,0.256,0.304,0.365,91,0
1990,NYY,AL,162,603,749,0.3,0.366,0.241,0.336,0.405,67,0
1990,OAK,AL,162,733,570,0.336,0.391,0.254,0.302,0.362,103,1
1990,PHI,NL,162,646,729,0.327,0.363,0.255,0.334,0.384,77,0
1990,PIT,NL,162,733,619,0.33,0.405,0.259,0.305,0.381,95,1
1990,SDP,NL,162,673,673,0.32,0.38,0.257,0.32,0.39,75,0
1990,SEA,AL,162,640,680,0.333,0.373,0.259,0.321,0.359,77,0
1990,SFG,NL,162,719,710,0.323,0.396,0.262,0.333,0.394,85,0
1990,STL,NL,162,599,698,0.32,0.358,0.256,0.32,0.38,70,0
1990,TEX,AL,162,676,696,0.331,0.376,0.259,0.327,0.37,83,0
1990,TOR,AL,162,767,661,0.328,0.419,0.265,0.317,0.398,86,0
1989,ATL,NL,161,584,680,0.298,0.35,0.234,,,63,0
1989,BAL,AL,162,708,686,0.326,0.379,0.252,,,87,0
1989,BOS,AL,162,774,735,0.351,0.403,0.277,,,83,0
1989,CAL,AL,162,669,578,0.311,0.386,0.256,,,91,0
1989,CHC,NL,162,702,623,0.319,0.387,0.261,,,93,1
1989,CHW,AL,161,693,750,0.328,0.383,0.271,,,69,0
1989,CIN,NL,162,632,691,0.309,0.37,0.247,,,75,0
1989,CLE,AL,162,604,654,0.31,0.365,0.245,,,73,0
1989,DET,AL,162,617,816,0.318,0.351,0.242,,,59,0
1989,HOU,NL,162,647,669,0.306,0.345,0.239,,,86,0
1989,KCR,AL,162,690,635,0.329,0.373,0.261,,,92,0
1989,LAD,NL,160,554,536,0.306,0.339,0.24,,,77,0
1989,MIL,AL,162,707,679,0.318,0.382,0.259,,,81,0
1989,MIN,AL,162,740,738,0.334,0.402,0.276,,,80,0
1989,MON,NL,162,632,630,0.319,0.361,0.247,,,81,0
1989,NYM,NL,162,683,595,0.311,0.385,0.246,,,87,0
1989,NYY,AL,161,698,792,0.331,0.391,0.269,,,74,0
1989,OAK,AL,162,712,576,0.331,0.381,0.261,,,99,1
1989,PHI,NL,163,629,735,0.314,0.364,0.243,,,67,0
1989,PIT,NL,164,637,680,0.311,0.359,0.241,,,74,0
1989,SDP,NL,162,642,626,0.319,0.369,0.251,,,89,0
1989,SEA,AL,162,694,728,0.32,0.384,0.257,,,73,0
1989,SFG,NL,162,699,600,0.316,0.39,0.25,,,92,1
1989,STL,NL,164,632,608,0.321,0.363,0.258,,,86,0
1989,TEX,AL,162,695,714,0.326,0.394,0.263,,,83,0
1989,TOR,AL,162,731,651,0.323,0.398,0.26,,,89,1
1988,ATL,NL,160,555,741,0.298,0.348,0.242,,,54,0
1988,BAL,AL,161,550,789,0.305,0.359,0.238,,,54,0
1988,BOS,AL,162,813,689,0.357,0.42,0.283,,,89,1
1988,CAL,AL,162,714,771,0.321,0.385,0.261,,,75,0
1988,CHC,NL,163,660,694,0.31,0.383,0.261,,,77,0
1988,CHW,AL,161,631,757,0.303,0.37,0.244,,,71,0
1988,CIN,NL,161,641,596,0.309,0.368,0.246,,,87,0
1988,CLE,AL,162,666,731,0.314,0.387,0.261,,,78,0
1988,DET,AL,162,703,658,0.324,0.378,0.25,,,88,0
1988,HOU,NL,162,617,631,0.306,0.351,0.244,,,82,0
1988,KCR,AL,161,704,648,0.321,0.391,0.259,,,84,0
1988,LAD,NL,162,628,544,0.305,0.352,0.248,,,94,1
1988,MIL,AL,162,682,616,0.314,0.375,0.257,,,87,0
1988,MIN,AL,162,759,672,0.34,0.421,0.274,,,91,0
1988,MON,NL,163,628,592,0.309,0.373,0.251,,,81,0
1988,NYM,NL,160,703,532,0.325,0.396,0.256,,,100,1
1988,NYY,AL,161,772,748,0.333,0.395,0.263,,,85,0
1988,OAK,AL,162,800,620,0.336,0.399,0.263,,,104,1
1988,PHI,NL,162,597,734,0.306,0.355,0.239,,,65,0
1988,PIT,NL,160,651,616,0.317,0.369,0.247,,,85,0
1988,SDP,NL,161,594,583,0.31,0.351,0.247,,,83,0
1988,SEA,AL,161,664,744,0.317,0.398,0.257,,,68,0
1988,SFG,NL,162,670,626,0.318,0.368,0.248,,,83,0
1988,STL,NL,162,578,633,0.309,0.337,0.249,,,76,0
1988,TEX,AL,161,637,735,0.32,0.368,0.252,,,70,0
1988,TOR,AL,162,763,680,0.332,0.419,0.268,,,87,0
1987,ATL,NL,161,747,829,0.339,0.403,0.258,,,69,0
1987,BAL,AL,162,729,880,0.322,0.418,0.258,,,67,0
1987,BOS,AL,162,842,825,0.352,0.43,0.278,,,78,0
1987,CAL,AL,162,770,803,0.326,0.401,0.252,,,75,0
1987,CHC,NL,161,720,801,0.326,0.432,0.264,,,76,0
1987,CHW,AL,162,748,746,0.319,0.415,0.258,,,77,0
1987,CIN,NL,162,783,752,0.33,0.427,0.266,,,84,0
1987,CLE,AL,162,742,957,0.324,0.422,0.263,,,61,0
1987,DET,AL,162,896,735,0.349,0.451,0.272,,,98,1
1987,HOU,NL,162,648,678,0.318,0.373,0.253,,,76,0
1987,KCR,AL,162,715,691,0.328,0.412,0.262,,,83,0
1987,LAD,NL,162,635,675,0.309,0.371,0.252,,,73,0
1987,MIL,AL,162,862,817,0.346,0.428,0.276,,,91,0
1987,MIN,AL,162,786,806,0.328,0.43,0.261,,,85,1
1987,MON,NL,162,741,720,0.328,0.401,0.265,,,91,0
1987,NYM,NL,162,823,698,0.339,0.434,0.268,,,92,0
1987,NYY,AL,162,788,758,0.336,0.418,0.262,,,89,0
1987,OAK,AL,162,806,789,0.333,0.428,0.26,,,81,0
1987,PHI,NL,162,702,749,0.327,0.41,0.254,,,80,0
1987,PIT,NL,162,723,744,0.33,0.403,0.264,,,80,0
1987,SDP,NL,162,668,763,0.332,0.378,0.26,,,65,0
1987,SEA,AL,162,760,801,0.335,0.428,0.272,,,78,0
1987,SFG,NL,162,783,669,0.324,0.43,0.26,,,90,1
1987,STL,NL,162,798,693,0.34,0.378,0.263,,,95,1
1987,TEX,AL,162,823,849,0.333,0.43,0.266,,,75,0
1987,TOR,AL,162,845,655,0.336,0.446,0.269,,,96,0
1986,ATL,NL,161,615,719,0.319,0.381,0.25,,,72,0
1986,BAL,AL,162,708,760,0.327,0.395,0.258,,,73,0
1986,BOS,AL,161,794,696,0.346,0.415,0.271,,,95,1
1986,CAL,AL,162,786,684,0.338,0.404,0.255,,,92,1
1986,CHC,NL,160,680,781,0.318,0.398,0.256,,,70,0
1986,CHW,AL,162,644,699,0.31,0.363,0.247,,,72,0
1986,CIN,NL,162,732,717,0.325,0.387,0.254,,,86,0
1986,CLE,AL,163,831,841,0.337,0.43,0.284,,,84,0
1986,DET,AL,162,798,714,0.338,0.424,0.263,,,87,0
1986,HOU,NL,162,654,569,0.322,0.381,0.255,,,96,1
1986,KCR,AL,162,654,673,0.313,0.39,0.252,,,76,0
1986,LAD,NL,162,638,679,0.313,0.37,0.251,,,73,0
1986,MIL,AL,161,667,734,0.321,0.385,0.255,,,77,0
1986,MIN,AL,162,741,839,0.325,0.428,0.261,,,71,0
1986,MON,NL,161,637,688,0.322,0.379,0.254,,,78,0
1986,NYM,NL,162,783,578,0.339,0.401,0.263,,,108,1
1986,NYY,AL,162,797,738,0.347,0.43,0.271,,,90,0
1986,OAK,AL,162,731,760,0.322,0.39,0.252,,,76,0
1986,PHI,NL,161,739,713,0.327,0.4,0.253,,,86,0
1986,PIT,NL,162,663,700,0.321,0.374,0.25,,,64,0
1986,SDP,NL,162,656,723,0.321,0.388,0.261,,,74,0
1986,SEA,AL,162,718,835,0.326,0.399,0.253,,,67,0
1986,SFG,NL,162,698,618,0.322,0.375,0.253,,,83,0
1986,STL,NL,161,601,611,0.309,0.327,0.236,,,79,0
1986,TEX,AL,162,771,743,0.331,0.428,0.267,,,87,0
1986,TOR,AL,163,809,733,0.329,0.427,0.269,,,86,0
1985,ATL,NL,162,632,781,0.315,0.363,0.246,,,66,0
1985,BAL,AL,161,818,764,0.336,0.43,0.263,,,83,0
1985,BOS,AL,163,800,720,0.347,0.429,0.282,,,81,0
1985,CAL,AL,162,732,703,0.333,0.386,0.251,,,90,0
1985,CHC,NL,162,686,729,0.324,0.39,0.254,,,77,0
1985,CHW,AL,163,736,720,0.315,0.392,0.253,,,85,0
1985,CIN,NL,162,677,666,0.327,0.376,0.255,,,89,0
1985,CLE,AL,162,729,861,0.324,0.385,0.265,,,60,0
1985,DET,AL,161,729,688,0.318,0.424,0.253,,,84,0
1985,HOU,NL,162,706,691,0.319,0.388,0.261,,,83,0
1985,KCR,AL,162,687,639,0.313,0.401,0.252,,,91,1
1985,LAD,NL,162,682,579,0.328,0.382,0.261,,,95,1
1985,MIL,AL,161,690,802,0.319,0.379,0.263,,,71,0
1985,MIN,AL,162,705,782,0.326,0.407,0.264,,,77,0
1985,MON,NL,161,633,636,0.31,0.375,0.247,,,84,0
1985,NYM,NL,162,695,568,0.323,0.385,0.257,,,98,0
1985,NYY,AL,161,839,660,0.344,0.425,0.267,,,97,0
1985,OAK,AL,162,757,787,0.325,0.401,0.264,,,77,0
1985,PHI,NL,162,667,673,0.312,0.383,0.245,,,75,0
1985,PIT,NL,161,568,708,0.311,0.347,0.247,,,57,0
1985,SDP,NL,162,650,622,0.32,0.368,0.255,,,83,0
1985,SEA,AL,162,719,818,0.326,0.412,0.255,,,74,0
1985,SFG,NL,162,556,674,0.299,0.348,0.233,,,62,0
1985,STL,NL,162,747,572,0.335,0.379,0.264,,,101,1
1985,TEX,AL,161,617,785,0.322,0.381,0.253,,,62,0
1985,TOR,AL,161,759,588,0.331,0.425,0.269,,,99,1
1984,ATL,NL,162,632,655,0.317,0.361,0.247,,,80,0
1984,BAL,AL,162,681,667,0.328,0.391,0.252,,,85,0
1984,BOS,AL,162,810,764,0.341,0.441,0.283,,,86,0
1984,CAL,AL,162,696,697,0.319,0.381,0.249,,,81,0
1984,CHC,NL,161,762,658,0.331,0.397,0.26,,,96,1
1984,CHW,AL,162,679,736,0.314,0.395,0.247,,,74,0
1984,CIN,NL,162,627,747,0.313,0.356,0.244,,,70,0
1984,CLE,AL,163,761,766,0.335,0.384,0.265,,,75,0
1984,DET,AL,162,829,643,0.342,0.432,0.271,,,104,1
1984,HOU,NL,162,693,630,0.323,0.371,0.264,,,80,0
1984,KCR,AL,162,673,686,0.317,0.399,0.268,,,84,1
1984,LAD,NL,162,580,600,0.306,0.348,0.244,,,79,0
1984,MIL,AL,161,641,734,0.317,0.37,0.262,,,67,0
1984,MIN,AL,162,673,675,0.318,0.385,0.265,,,81,0
1984,MON,NL,161,593,585,0.312,0.362,0.251,,,78,0
1984,NYM,NL,162,652,676,0.32,0.369,0.257,,,90,0
1984,NYY,AL,162,758,679,0.339,0.404,0.276,,,87,0
1984,OAK,AL,162,738,796,0.327,0.404,0.259,,,77,0
1984,PHI,NL,162,720,690,0.333,0.407,0.266,,,81,0
1984,PIT,NL,162,615,567,0.31,0.363,0.255,,,75,0
1984,SDP,NL,162,686,634,0.317,0.371,0.259,,,92,1
1984,SEA,AL,162,682,774,0.324,0.384,0.258,,,74,0
1984,SFG,NL,162,682,807,0.328,0.375,0.265,,,66,0
1984,STL,NL,162,652,645,0.317,0.351,0.252,,,84,0
1984,TEX,AL,161,656,714,0.313,0.377,0.261,,,69,0
1984,TOR,AL,163,750,696,0.331,0.421,0.273,,,89,0
1983,ATL,NL,162,746,640,0.341,0.4,0.272,,,88,0
1983,BAL,AL,162,799,652,0.34,0.421,0.269,,,98,1
1983,BOS,AL,162,724,775,0.335,0.409,0.27,,,78,0
1983,CAL,AL,162,722,779,0.322,0.393,0.26,,,70,0
1983,CHC,NL,162,701,719,0.319,0.401,0.261,,,71,0
1983,CHW,AL,162,800,650,0.329,0.413,0.262,,,99,1
1983,CIN,NL,162,623,710,0.314,0.356,0.239,,,74,0
1983,CLE,AL,162,704,785,0.338,0.369,0.265,,,70,0
1983,DET,AL,162,789,679,0.335,0.427,0.274,,,92,0
1983,HOU,NL,162,643,646,0.32,0.375,0.257,,,85,0
1983,KCR,AL,163,696,767,0.32,0.397,0.271,,,79,0
1983,LAD,NL,163,654,609,0.318,0.379,0.25,,,91,1
1983,MIL,AL,162,764,708,0.333,0.418,0.277,,,87,0
1983,MIN,AL,162,709,822,0.319,0.401,0.261,,,70,0
1983,MON,NL,163,677,646,0.326,0.386,0.264,,,82,0
1983,NYM,NL,162,575,680,0.3,0.344,0.241,,,68,0
1983,NYY,AL,162,770,703,0.337,0.416,0.273,,,91,0
1983,OAK,AL,162,708,782,0.326,0.381,0.262,,,74,0
1983,PHI,NL,163,696,635,0.329,0.373,0.249,,,90,1
1983,PIT,NL,162,659,648,0.325,0.383,0.264,,,84,0
1983,SDP,NL,163,653,653,0.311,0.351,0.25,,,81,0
1983,SEA,AL,162,558,740,0.301,0.36,0.24,,,60,0
1983,SFG,NL,162,687,697,0.325,0.375,0.247,,,79,0
1983,STL,NL,162,679,710,0.335,0.384,0.27,,,79,0
1983,TEX,AL,163,639,609,0.31,0.366,0.255,,,77,0
1983,TOR,AL,162,795,726,0.338,0.436,0.277,,,89,0
1982,ATL,NL,162,739,702,0.325,0.383,0.256,,,89,1
1982,BAL,AL,163,774,687,0.341,0.419,0.266,,,94,0
1982,BOS,AL,162,753,713,0.34,0.407,0.274,,,89,0
1982,CAL,AL,162,814,670,0.347,0.433,0.274,,,93,1
1982,CHC,NL,162,676,709,0.317,0.375,0.26,,,73,0
1982,CHW,AL,162,786,710,0.337,0.413,0.273,,,87,0
1982,CIN,NL,162,545,661,0.31,0.35,0.251,,,61,0
1982,CLE,AL,162,683,748,0.341,0.373,0.262,,,78,0
1982,DET,AL,162,729,685,0.324,0.418,0.266,,,83,0
1982,HOU,NL,162,569,620,0.302,0.349,0.247,,,77,0
1982,KCR,AL,162,784,717,0.337,0.428,0.285,,,90,0
1982,LAD,NL,162,691,612,0.327,0.388,0.264,,,88,0
1982,MIL,AL,163,891,717,0.335,0.455,0.279,,,95,1
1982,MIN,AL,162,657,819,0.316,0.396,0.257,,,60,0
1982,MON,NL,162,697,616,0.325,0.396,0.262,,,86,0
1982,NYM,NL,162,609,723,0.305,0.35,0.247,,,65,0
1982,NYY,AL,162,709,716,0.328,0.398,0.256,,,79,0
1982,OAK,AL,162,691,819,0.309,0.367,0.236,,,68,0
1982,PHI,NL,162,664,654,0.323,0.376,0.26,,,89,0
1982,PIT,NL,162,724,696,0.327,0.408,0.273,,,84,0
1982,SDP,NL,162,675,658,0.311,0.359,0.257,,,81,0
1982,SEA,AL,162,651,712,0.311,0.381,0.254,,,76,0
1982,SFG,NL,162,673,687,0.327,0.376,0.253,,,87,0
1982,STL,NL,162,685,609,0.334,0.364,0.264,,,92,1
1982,TEX,AL,162,590,749,0.308,0.359,0.249,,,64,0
1982,TOR,AL,162,651,701,0.314,0.383,0.262,,,78,0
1980,ATL,NL,161,630,660,0.307,0.38,0.25,,,81,0
1980,BAL,AL,162,805,640,0.342,0.413,0.273,,,100,0
1980,BOS,AL,160,757,767,0.34,0.436,0.283,,,83,0
1980,CAL,AL,160,698,797,0.332,0.378,0.265,,,65,0
1980,CHC,NL,162,614,728,0.309,0.365,0.251,,,64,0
1980,CHW,AL,162,587,722,0.311,0.37,0.259,,,70,0
1980,CIN,NL,163,707,670,0.327,0.386,0.262,,,89,0
1980,CLE,AL,160,738,807,0.35,0.381,0.277,,,79,0
1980,DET,AL,163,830,757,0.348,0.409,0.273,,,84,0
1980,HOU,NL,163,637,589,0.326,0.367,0.261,,,93,1
1980,KCR,AL,162,809,694,0.345,0.413,0.286,,,97,1
1980,LAD,NL,163,663,591,0.323,0.388,0.263,,,92,0
1980,MIL,AL,162,811,682,0.329,0.448,0.275,,,86,0
1980,MIN,AL,161,670,724,0.319,0.381,0.265,,,77,0
1980,MON,NL,162,694,629,0.324,0.388,0.257,,,90,0
1980,NYM,NL,162,611,702,0.319,0.345,0.257,,,67,0
1980,NYY,AL,162,820,662,0.343,0.425,0.267,,,103,1
1980,OAK,AL,162,686,642,0.322,0.385,0.259,,,83,0
1980,PHI,NL,162,728,639,0.327,0.4,0.27,,,91,1
1980,PIT,NL,162,666,646,0.322,0.388,0.266,,,83,0
1980,SDP,NL,163,591,654,0.324,0.342,0.255,,,73,0
1980,SEA,AL,163,610,793,0.308,0.356,0.248,,,59,0
1980,SFG,NL,161,573,634,0.308,0.342,0.244,,,75,0
1980,STL,NL,162,738,710,0.328,0.4,0.275,,,74,0
1980,TEX,AL,163,756,752,0.339,0.405,0.284,,,76,0
1980,TOR,AL,162,624,762,0.309,0.383,0.251,,,67,0
1979,ATL,NL,160,669,763,0.318,0.377,0.256,,,66,0
1979,BAL,AL,159,757,582,0.336,0.419,0.261,,,102,1
1979,BOS,AL,160,841,711,0.344,0.456,0.283,,,91,0
1979,CAL,AL,162,866,768,0.351,0.429,0.282,,,88,1
1979,CHC,NL,162,706,707,0.329,0.403,0.269,,,80,0
1979,CHW,AL,160,730,748,0.333,0.41,0.275,,,73,0
1979,CIN,NL,161,731,644,0.338,0.396,0.264,,,90,1
1979,CLE,AL,161,760,805,0.34,0.384,0.258,,,81,0
1979,DET,AL,161,770,738,0.339,0.415,0.269,,,84,0
1979,HOU,NL,162,583,582,0.315,0.344,0.256,,,89,0
1979,KCR,AL,162,851,816,0.343,0.422,0.282,,,85,0
1979,LAD,NL,162,739,717,0.331,0.412,0.263,,,79,0
1979,MIL,AL,161,807,722,0.345,0.448,0.28,,,95,0
1979,MIN,AL,162,764,725,0.341,0.402,0.278,,,82,0
1979,MON,NL,160,701,581,0.319,0.408,0.264,,,95,0
1979,NYM,NL,163,593,706,0.313,0.35,0.25,,,63,0
1979,NYY,AL,160,734,672,0.328,0.406,0.266,,,89,0
1979,OAK,AL,162,573,860,0.302,0.346,0.239,,,54,0
1979,PHI,NL,163,683,718,0.34,0.396,0.266,,,84,0
1979,PIT,NL,163,775,643,0.33,0.416,0.272,,,98,1
1979,SDP,NL,161,603,681,0.311,0.348,0.242,,,68,0
1979,SEA,AL,162,711,820,0.331,0.404,0.269,,,67,0
1979,SFG,NL,162,672,751,0.319,0.365,0.246,,,71,0
1979,STL,NL,163,731,693,0.331,0.401,0.278,,,86,0
1979,TEX,AL,162,750,698,0.334,0.409,0.278,,,83,0
1979,TOR,AL,162,613,862,0.311,0.363,0.251,,,53,0
1978,ATL,NL,162,600,750,0.315,0.363,0.244,,,69,0
1978,BAL,AL,161,659,633,0.326,0.396,0.258,,,90,0
1978,BOS,AL,163,796,657,0.336,0.424,0.267,,,99,0
1978,CAL,AL,162,691,666,0.33,0.37,0.259,,,87,0
1978,CHC,NL,162,664,724,0.331,0.361,0.264,,,79,0
1978,CHW,AL,161,634,731,0.317,0.379,0.264,,,71,0
1978,CIN,NL,161,710,688,0.334,0.393,0.256,,,92,0
1978,CLE,AL,159,639,694,0.323,0.379,0.261,,,69,0
1978,DET,AL,162,714,653,0.339,0.392,0.271,,,86,0
1978,HOU,NL,162,605,634,0.313,0.355,0.258,,,74,0
1978,KCR,AL,162,743,634,0.329,0.399,0.268,,,92,1
1978,LAD,NL,162,727,573,0.338,0.402,0.264,,,95,1
1978,MIL,AL,162,804,650,0.339,0.432,0.276,,,93,0
1978,MIN,AL,162,666,678,0.339,0.375,0.267,,,73,0
1978,MON,NL,162,633,611,0.306,0.379,0.254,,,76,0
1978,NYM,NL,162,607,690,0.314,0.352,0.245,,,66,0
1978,NYY,AL,163,735,582,0.329,0.388,0.267,,,100,1
1978,OAK,AL,162,532,690,0.303,0.351,0.245,,,69,0
1978,PHI,NL,162,708,586,0.328,0.388,0.258,,,90,1
1978,PIT,NL,161,684,637,0.32,0.385,0.257,,,88,0
1978,SDP,NL,162,591,598,0.321,0.348,0.252,,,84,0
1978,SEA,AL,160,614,834,0.314,0.359,0.248,,,56,0
1978,SFG,NL,162,613,594,0.318,0.374,0.248,,,89,0
1978,STL,NL,162,600,657,0.303,0.358,0.249,,,69,0
1978,TEX,AL,162,692,632,0.332,0.381,0.253,,,87,0
1978,TOR,AL,161,590,775,0.308,0.359,0.25,,,59,0
1977,ATL,NL,162,678,895,0.32,0.376,0.254,,,61,0
1977,BAL,AL,161,719,653,0.329,0.393,0.261,,,97,0
1977,BOS,AL,161,859,712,0.345,0.465,0.281,,,97,0
1977,CAL,AL,162,675,695,0.324,0.386,0.255,,,74,0
1977,CHC,NL,162,692,739,0.33,0.387,0.266,,,81,0
1977,CHW,AL,162,844,771,0.344,0.444,0.278,,,90,0
1977,CIN,NL,162,802,725,0.345,0.436,0.274,,,88,0
1977,CLE,AL,161,676,739,0.334,0.38,0.269,,,71,0
1977,DET,AL,162,714,751,0.318,0.41,0.264,,,74,0
1977,HOU,NL,162,680,650,0.32,0.385,0.254,,,81,0
1977,KCR,AL,162,822,651,0.34,0.436,0.277,,,102,1
1977,LAD,NL,162,769,582,0.336,0.418,0.266,,,98,1
1977,MIL,AL,162,639,765,0.314,0.389,0.258,,,67,0
1977,MIN,AL,161,867,776,0.348,0.417,0.282,,,84,0
1977,MON,NL,162,665,736,0.318,0.402,0.26,,,75,0
1977,NYM,NL,162,587,663,0.313,0.346,0.244,,,64,0
1977,NYY,AL,162,831,651,0.344,0.444,0.281,,,100,1
1977,OAK,AL,161,605,749,0.308,0.352,0.24,,,63,0
1977,PHI,NL,162,847,668,0.346,0.448,0.279,,,101,1
1977,PIT,NL,162,734,665,0.331,0.413,0.274,,,96,0
1977,SDP,NL,162,692,834,0.324,0.375,0.249,,,69,0
1977,SEA,AL,162,624,855,0.312,0.381,0.256,,,64,0
1977,SFG,NL,162,673,711,0.323,0.383,0.253,,,75,0
1977,STL,NL,162,737,688,0.33,0.388,0.27,,,83,0
1977,TEX,AL,162,767,657,0.342,0.405,0.27,,,94,0
1977,TOR,AL,161,605,822,0.316,0.365,0.252,,,54,0
1976,ATL,NL,162,620,700,0.32,0.334,0.245,,,70,0
1976,BAL,AL,162,619,598,0.31,0.358,0.243,,,88,0
1976,BOS,AL,162,716,660,0.324,0.402,0.263,,,83,0
1976,CAL,AL,162,550,631,0.306,0.318,0.235,,,76,0
1976,CHC,NL,162,611,728,0.313,0.356,0.251,,,75,0
1976,CHW,AL,161,586,745,0.314,0.349,0.255,,,64,0
1976,CIN,NL,162,857,633,0.357,0.424,0.28,,,102,1
1976,CLE,AL,159,615,615,0.321,0.359,0.263,,,81,0
1976,DET,AL,161,609,709,0.315,0.365,0.257,,,74,0
1976,HOU,NL,162,625,657,0.322,0.347,0.256,,,80,0
1976,KCR,AL,162,713,611,0.327,0.371,0.269,,,90,1
1976,LAD,NL,162,608,543,0.313,0.349,0.251,,,92,0
1976,MIL,AL,161,570,655,0.311,0.34,0.246,,,66,0
1976,MIN,AL,162,743,704,0.341,0.375,0.274,,,85,0
1976,MON,NL,162,531,734,0.291,0.34,0.235,,,55,0
1976,NYM,NL,162,615,538,0.319,0.352,0.246,,,86,0
1976,NYY,AL,159,730,575,0.328,0.389,0.269,,,97,1
1976,OAK,AL,161,686,598,0.323,0.361,0.246,,,87,0
1976,PHI,NL,162,770,557,0.338,0.395,0.272,,,101,1
1976,PIT,NL,162,708,630,0.321,0.391,0.267,,,92,0
1976,SDP,NL,162,570,662,0.31,0.337,0.247,,,73,0
1976,SFG,NL,162,595,686,0.312,0.345,0.246,,,74,0
1976,STL,NL,162,629,671,0.323,0.359,0.26,,,72,0
1976,TEX,AL,162,616,652,0.321,0.341,0.25,,,76,0
1975,ATL,NL,161,583,739,0.313,0.346,0.244,,,67,0
1975,BAL,AL,159,682,553,0.326,0.373,0.252,,,90,0
1975,BOS,AL,160,796,709,0.344,0.417,0.275,,,95,1
1975,CAL,AL,161,628,723,0.322,0.328,0.246,,,72,0
1975,CHC,NL,162,712,827,0.338,0.368,0.259,,,75,0
1975,CHW,AL,161,655,703,0.331,0.358,0.255,,,75,0
1975,CIN,NL,162,840,586,0.353,0.401,0.271,,,108,1
1975,CLE,AL,159,688,703,0.327,0.392,0.261,,,79,0
1975,DET,AL,159,570,786,0.301,0.366,0.249,,,57,0
1975,HOU,NL,162,664,711,0.32,0.359,0.254,,,64,0
1975,KCR,AL,162,710,649,0.333,0.394,0.261,,,91,0
1975,LAD,NL,162,648,534,0.325,0.365,0.248,,,88,0
1975,MIL,AL,162,675,792,0.32,0.389,0.25,,,68,0
1975,MIN,AL,159,724,736,0.341,0.386,0.271,,,76,0
1975,MON,NL,162,601,690,0.317,0.348,0.244,,,75,0
1975,NYM,NL,162,646,625,0.319,0.361,0.256,,,82,0
1975,NYY,AL,160,681,588,0.325,0.382,0.264,,,83,0
1975,OAK,AL,162,758,606,0.333,0.391,0.254,,,98,1
1975,PHI,NL,162,735,694,0.342,0.402,0.269,,,86,0
1975,PIT,NL,161,712,565,0.323,0.402,0.263,,,92,1
1975,SDP,NL,162,552,683,0.31,0.335,0.244,,,71,0
1975,SFG,NL,161,659,671,0.333,0.365,0.259,,,80,0
1975,STL,NL,163,662,689,0.327,0.375,0.273,,,82,0
1975,TEX,AL,162,714,733,0.33,0.371,0.256,,,79,0
1974,ATL,NL,163,661,563,0.319,0.363,0.249,,,88,0
1974,BAL,AL,162,659,612,0.322,0.37,0.256,,,91,1
1974,BOS,AL,162,696,661,0.333,0.377,0.264,,,84,0
1974,CAL,AL,163,618,657,0.321,0.356,0.254,,,68,0
1974,CHC,NL,162,669,826,0.327,0.365,0.251,,,66,0
1974,CHW,AL,163,684,721,0.33,0.389,0.268,,,80,0
1974,CIN,NL,163,776,631,0.343,0.394,0.26,,,98,0
1974,CLE,AL,162,662,694,0.311,0.37,0.255,,,77,0
1974,DET,AL,162,620,768,0.303,0.366,0.247,,,72,0
1974,HOU,NL,162,653,632,0.322,0.378,0.263,,,81,0
1974,KCR,AL,162,667,662,0.327,0.364,0.259,,,77,0
1974,LAD,NL,162,798,561,0.342,0.401,0.272,,,102,1
1974,MIL,AL,162,647,660,0.309,0.369,0.244,,,76,0
1974,MIN,AL,163,673,669,0.336,0.378,0.272,,,82,0
1974,MON,NL,161,662,657,0.335,0.35,0.254,,,79,0
1974,NYM,NL,162,572,646,0.311,0.329,0.235,,,71,0
1974,NYY,AL,162,671,623,0.324,0.368,0.263,,,89,0
1974,OAK,AL,162,689,551,0.321,0.373,0.247,,,90,1
1974,PHI,NL,162,676,701,0.32,0.373,0.261,,,80,0
1974,PIT,NL,162,751,657,0.335,0.391,0.274,,,88,1
1974,SDP,NL,162,541,830,0.302,0.33,0.229,,,60,0
1974,SFG,NL,162,634,723,0.322,0.358,0.252,,,72,0
1974,STL,NL,161,677,643,0.331,0.365,0.265,,,86,0
1974,TEX,AL,161,690,698,0.336,0.377,0.272,,,83,0
1973,ATL,NL,162,799,774,0.339,0.427,0.266,,,76,0
1973,BAL,AL,162,754,561,0.345,0.389,0.266,,,97,1
1973,BOS,AL,162,738,647,0.338,0.401,0.267,,,89,0
1973,CAL,AL,162,629,657,0.318,0.348,0.253,,,79,0
1973,CHC,NL,161,614,655,0.32,0.357,0.247,,,77,0
1973,CHW,AL,162,652,705,0.324,0.372,0.256,,,77,0
1973,CIN,NL,162,741,621,0.332,0.383,0.254,,,99,1
1973,CLE,AL,162,680,826,0.315,0.387,0.256,,,71,0
1973,DET,AL,162,642,674,0.32,0.39,0.254,,,85,0
1973,HOU,NL,162,681,672,0.312,0.376,0.251,,,82,0
1973,KCR,AL,162,755,752,0.339,0.381,0.261,,,88,0
1973,LAD,NL,162,675,565,0.323,0.371,0.263,,,95,0
1973,MIL,AL,162,708,731,0.325,0.388,0.253,,,74,0
1973,MIN,AL,162,738,692,0.342,0.393,0.27,,,81,0
1973,MON,NL,162,668,702,0.34,0.364,0.251,,,79,0
1973,NYM,NL,161,608,588,0.315,0.338,0.246,,,82,1
1973,NYY,AL,162,641,610,0.322,0.378,0.261,,,80,0
1973,OAK,AL,162,758,615,0.333,0.389,0.26,,,94,1
1973,PHI,NL,162,642,717,0.31,0.371,0.249,,,71,0
1973,PIT,NL,162,704,693,0.315,0.405,0.261,,,80,0
1973,SDP,NL,162,548,770,0.296,0.351,0.244,,,60,0
1973,SFG,NL,162,739,702,0.335,0.407,0.262,,,88,0
1973,STL,NL,162,643,603,0.325,0.357,0.259,,,81,0
1973,TEX,AL,162,619,844,0.318,0.361,0.255,,,57,0
1971,ATL,NL,162,643,699,0.312,0.385,0.257,,,82,0
1971,BAL,AL,158,742,530,0.347,0.398,0.261,,,101,1
1971,BOS,AL,162,691,667,0.322,0.397,0.252,,,85,0
1971,CAL,AL,162,511,576,0.29,0.329,0.231,,,76,0
1971,CHC,NL,162,637,648,0.325,0.378,0.258,,,83,0
1971,CHW,AL,162,617,597,0.325,0.373,0.25,,,79,0
1971,CIN,NL,162,586,581,0.3,0.366,0.241,,,79,0
1971,CLE,AL,162,543,747,0.3,0.342,0.238,,,60,0
1971,DET,AL,162,701,645,0.325,0.405,0.254,,,91,0
1971,HOU,NL,162,585,567,0.302,0.34,0.24,,,79,0
1971,KCR,AL,161,603,566,0.313,0.353,0.25,,,85,0
1971,LAD,NL,162,663,587,0.325,0.37,0.266,,,89,0
1971,MIL,AL,161,534,609,0.304,0.329,0.229,,,69,0
1971,MIN,AL,160,654,670,0.323,0.372,0.26,,,74,0
1971,MON,NL,162,622,729,0.322,0.343,0.246,,,71,0
1971,NYM,NL,162,588,550,0.319,0.351,0.249,,,83,0
1971,NYY,AL,162,648,641,0.328,0.36,0.254,,,81,0
1971,OAK,AL,161,691,564,0.321,0.384,0.252,,,101,1
1971,PHI,NL,162,558,688,0.298,0.35,0.233,,,67,0
1971,PIT,NL,162,788,599,0.33,0.416,0.274,,,97,1
1971,SDP,NL,161,486,610,0.293,0.332,0.233,,,61,0
1971,SFG,NL,162,706,644,0.329,0.378,0.247,,,90,1
1971,STL,NL,163,739,699,0.338,0.385,0.275,,,90,0
1971,WSA,AL,159,537,660,0.307,0.326,0.23,,,63,0
1970,ATL,NL,162,736,772,0.334,0.404,0.27,,,76,0
1970,BAL,AL,162,792,574,0.344,0.401,0.257,,,108,1
1970,BOS,AL,162,786,722,0.335,0.428,0.262,,,87,0
1970,CAL,AL,162,631,630,0.309,0.363,0.251,,,86,0
1970,CHC,NL,162,806,679,0.333,0.415,0.259,,,84,0
1970,CHW,AL,162,633,822,0.315,0.362,0.253,,,56,0
1970,CIN,NL,162,775,681,0.336,0.436,0.27,,,102,1
1970,CLE,AL,162,649,675,0.314,0.394,0.249,,,76,0
1970,DET,AL,162,666,731,0.322,0.374,0.238,,,79,0
1970,HOU,NL,162,744,763,0.332,0.391,0.259,,,79,0
1970,KCR,AL,162,611,705,0.309,0.348,0.244,,,65,0
1970,LAD,NL,161,749,684,0.334,0.382,0.27,,,87,0
1970,MIL,AL,163,613,751,0.319,0.358,0.242,,,65,0
1970,MIN,AL,162,744,605,0.327,0.403,0.262,,,98,1
1970,MON,NL,162,687,807,0.323,0.365,0.237,,,73,0
1970,NYM,NL,162,695,630,0.333,0.37,0.249,,,83,0
1970,NYY,AL,163,680,612,0.324,0.365,0.251,,,93,0
1970,OAK,AL,162,678,593,0.325,0.392,0.249,,,89,0
1970,PHI,NL,161,594,730,0.305,0.356,0.238,,,73,0
1970,PIT,NL,162,729,664,0.325,0.406,0.27,,,89,1
1970,SDP,NL,162,681,788,0.312,0.391,0.246,,,63,0
1970,SFG,NL,162,831,826,0.351,0.409,0.262,,,86,0
1970,STL,NL,162,744,747,0.331,0.379,0.263,,,76,0
1970,WSA,AL,162,626,689,0.321,0.358,0.238,,,70,0
1969,ATL,NL,162,691,631,0.321,0.38,0.258,,,93,1
1969,BAL,AL,162,779,517,0.343,0.414,0.265,,,109,1
1969,BOS,AL,162,743,736,0.333,0.415,0.251,,,87,0
1969,CAL,AL,163,528,652,0.3,0.319,0.23,,,71,0
1969,CHC,NL,163,720,611,0.323,0.384,0.253,,,92,0
1969,CHW,AL,162,625,723,0.32,0.357,0.247,,,68,0
1969,CIN,NL,163,798,768,0.335,0.422,0.277,,,89,0
1969,CLE,AL,161,573,717,0.307,0.345,0.237,,,62,0
1969,DET,AL,162,701,601,0.316,0.387,0.242,,,90,0
1969,HOU,NL,162,676,668,0.33,0.352,0.24,,,81,0
1969,KCR,AL,163,586,688,0.309,0.338,0.24,,,69,0
1969,LAD,NL,162,645,561,0.315,0.359,0.254,,,85,0
1969,MIN,AL,162,790,618,0.34,0.408,0.268,,,97,1
1969,MON,NL,162,582,791,0.31,0.359,0.24,,,52,0
1969,NYM,NL,162,632,541,0.311,0.351,0.242,,,100,1
1969,NYY,AL,162,562,587,0.308,0.344,0.235,,,80,0
1969,OAK,AL,162,740,678,0.329,0.376,0.249,,,88,0
1969,PHI,NL,162,645,745,0.312,0.372,0.241,,,63,0
1969,PIT,NL,162,725,652,0.334,0.398,0.277,,,88,0
1969,SDP,NL,162,468,746,0.285,0.329,0.225,,,52,0
1969,SEP,AL,163,639,799,0.316,0.346,0.234,,,64,0
1969,SFG,NL,162,713,636,0.334,0.361,0.242,,,90,0
1969,STL,NL,162,595,540,0.316,0.359,0.253,,,87,0
1969,WSA,AL,162,694,644,0.33,0.378,0.251,,,86,0
1968,ATL,NL,163,514,549,0.307,0.339,0.252,,,81,0
1968,BAL,AL,162,579,497,0.304,0.352,0.225,,,91,0
1968,BOS,AL,162,614,611,0.313,0.352,0.236,,,86,0
1968,CAL,AL,162,498,615,0.291,0.318,0.227,,,67,0
1968,CHC,NL,163,612,611,0.298,0.366,0.242,,,84,0
1968,CHW,AL,162,463,527,0.284,0.311,0.228,,,67,0
1968,CIN,NL,163,690,673,0.32,0.389,0.273,,,83,0
1968,CLE,AL,162,516,504,0.293,0.327,0.234,,,86,0
1968,DET,AL,164,671,492,0.307,0.385,0.235,,,103,1
1968,HOU,NL,162,510,588,0.298,0.317,0.231,,,72,0
1968,LAD,NL,162,470,509,0.289,0.319,0.23,,,76,0
1968,MIN,AL,162,562,546,0.299,0.35,0.237,,,79,0
1968,NYM,NL,163,473,499,0.281,0.315,0.228,,,73,0
1968,NYY,AL,164,536,531,0.292,0.318,0.214,,,83,0
1968,OAK,AL,163,569,544,0.304,0.343,0.24,,,82,0
1968,PHI,NL,162,543,615,0.294,0.333,0.233,,,76,0
1968,PIT,NL,163,583,532,0.306,0.343,0.252,,,80,0
1968,SFG,NL,163,599,529,0.307,0.341,0.239,,,88,0
1968,STL,NL,162,583,472,0.298,0.346,0.249,,,97,1
1968,WSA,AL,161,524,665,0.287,0.336,0.224,,,65,0
1967,ATL,NL,162,631,640,0.307,0.372,0.24,,,77,0
1967,BAL,AL,161,654,592,0.31,0.372,0.24,,,76,0
1967,BOS,AL,162,722,614,0.321,0.395,0.255,,,92,1
1967,CAL,AL,161,567,587,0.301,0.349,0.238,,,84,0
1967,CHC,NL,162,702,624,0.316,0.378,0.251,,,87,0
1967,CHW,AL,162,531,491,0.291,0.32,0.225,,,89,0
1967,CIN,NL,162,604,563,0.297,0.372,0.248,,,87,0
1967,CLE,AL,162,559,613,0.293,0.359,0.235,,,75,0
1967,DET,AL,163,683,587,0.325,0.376,0.243,,,91,0
1967,HOU,NL,162,626,742,0.317,0.364,0.249,,,69,0
1967,KCA,AL,161,533,660,0.296,0.33,0.233,,,62,0
1967,LAD,NL,162,519,595,0.301,0.332,0.236,,,73,0
1967,MIN,AL,164,671,590,0.309,0.369,0.24,,,91,0
1967,NYM,NL,162,498,672,0.288,0.325,0.238,,,61,0
1967,NYY,AL,163,522,621,0.296,0.317,0.225,,,72,0
1967,PHI,NL,162,612,581,0.313,0.357,0.242,,,82,0
1967,PIT,NL,163,679,693,0.324,0.38,0.277,,,81,0
1967,SFG,NL,162,652,551,0.313,0.372,0.245,,,91,0
1967,STL,NL,161,695,557,0.32,0.379,0.263,,,101,1
1967,WSA,AL,161,550,637,0.288,0.326,0.223,,,76,0
1966,ATL,NL,163,782,683,0.326,0.424,0.263,,,85,0
1966,BAL,AL,160,755,601,0.324,0.409,0.258,,,97,1
1966,BOS,AL,162,655,731,0.31,0.376,0.24,,,72,0
1966,CAL,AL,162,604,643,0.303,0.354,0.232,,,80,0
1966,CHC,NL,162,644,809,0.313,0.38,0.254,,,59,0
1966,CHW,AL,163,574,517,0.297,0.331,0.231,,,83,0
1966,CIN,NL,160,692,702,0.309,0.395,0.26,,,76,0
1966,CLE,AL,162,574,586,0.297,0.36,0.237,,,81,0
1966,DET,AL,162,719,698,0.321,0.406,0.251,,,88,0
1966,HOU,NL,163,612,695,0.318,0.365,0.255,,,72,0
1966,KCA,AL,160,564,648,0.294,0.337,0.236,,,74,0
1966,LAD,NL,162,606,490,0.314,0.362,0.256,,,95,1
1966,MIN,AL,162,663,581,0.316,0.382,0.249,,,89,0
1966,NYM,NL,161,587,761,0.301,0.342,0.239,,,66,0
1966,NYY,AL,160,611,612,0.299,0.374,0.235,,,70,0
1966,PHI,NL,162,696,640,0.322,0.378,0.258,,,87,0
1966,PIT,NL,162,759,641,0.329,0.428,0.279,,,92,0
1966,SFG,NL,161,675,626,0.303,0.392,0.248,,,93,0
1966,STL,NL,162,571,577,0.298,0.368,0.251,,,83,0
1966,WSA,AL,159,557,659,0.295,0.355,0.234,,,71,0
1965,BAL,AL,162,641,578,0.307,0.363,0.238,,,94,0
1965,BOS,AL,162,669,791,0.327,0.4,0.251,,,62,0
1965,CAL,AL,162,527,569,0.297,0.341,0.239,,,75,0
1965,CHC,NL,164,635,723,0.307,0.358,0.238,,,72,0
1965,CHW,AL,162,647,555,0.315,0.364,0.246,,,95,0
1965,CIN,NL,162,825,704,0.339,0.439,0.273,,,89,0
1965,CLE,AL,162,663,613,0.315,0.379,0.25,,,87,0
1965,DET,AL,162,680,602,0.312,0.374,0.238,,,89,0
1965,HOU,NL,162,569,711,0.305,0.34,0.237,,,65,0
1965,KCA,AL,162,585,755,0.309,0.358,0.24,,,59,0
1965,LAD,NL,162,608,521,0.312,0.335,0.245,,,97,1
1965,MIN,AL,162,774,600,0.324,0.399,0.254,,,102,1
1965,MLN,NL,162,708,633,0.31,0.416,0.256,,,86,0
1965,NYM,NL,164,495,752,0.277,0.327,0.221,,,50,0
1965,NYY,AL,162,611,604,0.299,0.364,0.235,,,77,0
1965,PHI,NL,162,654,667,0.313,0.384,0.25,,,85,0
1965,PIT,NL,163,675,580,0.317,0.382,0.265,,,90,0
1965,SFG,NL,163,682,593,0.313,0.385,0.252,,,95,0
1965,STL,NL,162,707,674,0.314,0.371,0.254,,,80,0
1965,WSA,AL,162,591,721,0.304,0.35,0.228,,,70,0
1964,BAL,AL,163,679,567,0.316,0.387,0.248,,,97,0
1964,BOS,AL,162,688,793,0.322,0.416,0.258,,,72,0
1964,CHC,NL,162,649,724,0.314,0.39,0.251,,,76,0
1964,CHW,AL,162,642,501,0.32,0.353,0.247,,,98,0
1964,CIN,NL,163,660,566,0.308,0.372,0.249,,,92,0
1964,CLE,AL,164,689,693,0.312,0.38,0.247,,,79,0
1964,DET,AL,163,699,678,0.319,0.395,0.253,,,85,0
1964,HOU,NL,162,495,628,0.285,0.315,0.229,,,66,0
1964,KCA,AL,163,621,836,0.311,0.379,0.239,,,57,0
1964,LAA,AL,162,544,551,0.304,0.344,0.242,,,82,0
1964,LAD,NL,164,614,572,0.305,0.34,0.25,,,80,0
1964,MIN,AL,163,737,678,0.322,0.427,0.252,,,79,0
1964,MLN,NL,162,803,744,0.333,0.418,0.272,,,88,0
1964,NYM,NL,163,569,776,0.296,0.348,0.246,,,53,0
1964,NYY,AL,164,730,577,0.317,0.387,0.253,,,99,1
1964,PHI,NL,162,693,632,0.315,0.391,0.258,,,92,0
1964,PIT,NL,162,663,636,0.315,0.389,0.264,,,80,0
1964,SFG,NL,162,656,587,0.31,0.382,0.246,,,90,0
1964,STL,NL,162,715,652,0.324,0.392,0.272,,,93,1
1964,WSA,AL,162,578,733,0.299,0.348,0.231,,,62,0
1963,BAL,AL,162,644,621,0.31,0.38,0.249,,,86,0
1963,BOS,AL,161,666,704,0.312,0.4,0.252,,,76,0
1963,CHC,NL,162,570,578,0.297,0.363,0.238,,,82,0
1963,CHW,AL,162,683,544,0.323,0.365,0.25,,,94,0
1963,CIN,NL,162,648,594,0.31,0.371,0.246,,,86,0
1963,CLE,AL,162,635,702,0.301,0.381,0.239,,,79,0
1963,DET,AL,162,700,703,0.327,0.382,0.252,,,79,0
1963,HOU,NL,162,464,640,0.283,0.301,0.22,,,66,0
1963,KCA,AL,162,615,704,0.313,0.353,0.247,,,73,0
1963,LAA,AL,161,597,660,0.309,0.354,0.25,,,70,0
1963,LAD,NL,163,640,550,0.309,0.357,0.251,,,99,1
1963,MIN,AL,161,767,602,0.325,0.43,0.255,,,91,0
1963,MLN,NL,163,677,603,0.312,0.37,0.244,,,84,0
1963,NYM,NL,162,501,774,0.285,0.315,0.219,,,51,0
1963,NYY,AL,161,714,547,0.309,0.403,0.252,,,104,1
1963,PHI,NL,162,642,578,0.306,0.381,0.252,,,87,0
1963,PIT,NL,162,567,595,0.309,0.359,0.25,,,74,0
1963,SFG,NL,162,725,641,0.316,0.414,0.258,,,88,0
1963,STL,NL,162,747,628,0.326,0.403,0.271,,,93,0
1963,WSA,AL,162,578,812,0.293,0.351,0.227,,,56,0
1962,BAL,AL,162,652,680,0.314,0.387,0.248,,,77,0
1962,BOS,AL,160,707,756,0.324,0.403,0.258,,,76,0
1962,CHC,NL,162,632,827,0.317,0.377,0.253,,,59,0
1962,CHW,AL,162,707,658,0.334,0.372,0.257,,,85,0
1962,CIN,NL,162,802,685,0.332,0.417,0.27,,,98,0
1962,CLE,AL,162,682,745,0.312,0.388,0.245,,,80,0
1962,DET,AL,161,758,692,0.33,0.411,0.248,,,85,0
1962,HOU,NL,162,592,717,0.31,0.351,0.246,,,64,0
1962,KCA,AL,162,745,837,0.332,0.386,0.263,,,72,0
1962,LAA,AL,162,718,706,0.325,0.38,0.25,,,86,0
1962,LAD,NL,165,842,697,0.337,0.4,0.268,,,102,0
1962,MIN,AL,163,798,713,0.338,0.412,0.26,,,91,0
1962,MLN,NL,162,730,665,0.326,0.403,0.252,,,86,0
1962,NYM,NL,161,617,948,0.318,0.361,0.24,,,40,0
1962,NYY,AL,162,817,680,0.337,0.426,0.267,,,96,1
1962,PHI,NL,161,705,759,0.33,0.39,0.26,,,81,0
1962,PIT,NL,161,706,626,0.321,0.394,0.268,,,93,0
1962,SFG,NL,165,878,690,0.341,0.441,0.278,,,103,1
1962,STL,NL,163,774,664,0.335,0.394,0.271,,,84,0
1962,WSA,AL,162,599,716,0.308,0.373,0.25,,,60,0